<?xml version="1.0" encoding="UTF-8" ?>
<!-- This is a WordPress eXtended RSS file generated by WordPress as an export of your site. -->
<!-- It contains information about your site's posts, pages, comments, categories, and other content. -->
<!-- You may use this file to transfer that content from one site to another. -->
<!-- This file is not intended to serve as a complete backup of your site. -->

<!-- To import this information into a WordPress site follow these steps: -->
<!-- 1. Log in to that site as an administrator. -->
<!-- 2. Go to Tools: Import in the WordPress admin panel. -->
<!-- 3. Install the "WordPress" importer from the list. -->
<!-- 4. Activate & Run Importer. -->
<!-- 5. Upload this file using the form provided on that page. -->
<!-- 6. You will first be asked to map the authors in this export file to users -->
<!--    on the site. For each author, you may choose to map to an -->
<!--    existing user on the site or to create a new user. -->
<!-- 7. WordPress will then import each of the posts, pages, comments, categories, etc. -->
<!--    contained in this file into your site. -->

<!-- generator="WordPress/4.3.3" created="2016-03-09 03:26" -->
<rss version="2.0"
	xmlns:excerpt="http://wordpress.org/export/1.2/excerpt/"
	xmlns:content="http://purl.org/rss/1.0/modules/content/"
	xmlns:wfw="http://wellformedweb.org/CommentAPI/"
	xmlns:dc="http://purl.org/dc/elements/1.1/"
	xmlns:wp="http://wordpress.org/export/1.2/"
>

<channel>
	<title>City Tours</title>
	<link>http://www.soaptheme.net/wordpress/citytours</link>
	<description>CityTours - Hotel &#38; Tour Booking Wordpress Theme</description>
	<pubDate>Wed, 09 Mar 2016 03:26:43 +0000</pubDate>
	<language>en-US</language>
	<wp:wxr_version>1.2</wp:wxr_version>
	<wp:base_site_url>http://www.soaptheme.net/wordpress/citytours</wp:base_site_url>
	<wp:base_blog_url>http://www.soaptheme.net/wordpress/citytours</wp:base_blog_url>

	<wp:author><wp:author_id>1</wp:author_id><wp:author_login>admin</wp:author_login><wp:author_email>soaptheme@gmail.com</wp:author_email><wp:author_display_name><![CDATA[admin]]></wp:author_display_name><wp:author_first_name><![CDATA[]]></wp:author_first_name><wp:author_last_name><![CDATA[]]></wp:author_last_name></wp:author>


	<generator>http://wordpress.org/?v=4.3.3</generator>

	<item>
		<title>Single Room</title>
		<link>http://www.soaptheme.net/wordpress/citytours/room-type/single-room/</link>
		<pubDate>Thu, 01 Oct 2015 16:15:42 +0000</pubDate>
		<dc:creator><![CDATA[admin]]></dc:creator>
		<guid isPermaLink="false">http://www.soaptheme.net/wordpress/citytours/?post_type=room_type&#038;p=151</guid>
		<description></description>
		<content:encoded><![CDATA[Lorem ipsum dolor sit amet, at omnes deseruisse pri. Quo aeterno legimus insolens ad. Sit cu detraxit constituam, an mel iudico constituto efficiendi.]]></content:encoded>
		<excerpt:encoded><![CDATA[]]></excerpt:encoded>
		<wp:post_id>151</wp:post_id>
		<wp:post_date>2015-10-01 16:15:42</wp:post_date>
		<wp:post_date_gmt>2015-10-01 16:15:42</wp:post_date_gmt>
		<wp:comment_status>closed</wp:comment_status>
		<wp:ping_status>closed</wp:ping_status>
		<wp:post_name>single-room</wp:post_name>
		<wp:status>publish</wp:status>
		<wp:post_parent>0</wp:post_parent>
		<wp:menu_order>0</wp:menu_order>
		<wp:post_type>room_type</wp:post_type>
		<wp:post_password></wp:post_password>
		<wp:is_sticky>0</wp:is_sticky>
		<category domain="hotel_facility" nicename="breakfast"><![CDATA[Breakfast]]></category>
		<category domain="hotel_facility" nicename="plasma-tv"><![CDATA[Plasma TV]]></category>
		<category domain="hotel_facility" nicename="spa"><![CDATA[Spa]]></category>
		<wp:postmeta>
			<wp:meta_key>_edit_last</wp:meta_key>
			<wp:meta_value><![CDATA[1]]></wp:meta_value>
		</wp:postmeta>
		<wp:postmeta>
			<wp:meta_key>_gallery_imgs</wp:meta_key>
			<wp:meta_value><![CDATA[152]]></wp:meta_value>
		</wp:postmeta>
		<wp:postmeta>
			<wp:meta_key>_gallery_imgs</wp:meta_key>
			<wp:meta_value><![CDATA[153]]></wp:meta_value>
		</wp:postmeta>
		<wp:postmeta>
			<wp:meta_key>_gallery_imgs</wp:meta_key>
			<wp:meta_value><![CDATA[154]]></wp:meta_value>
		</wp:postmeta>
		<wp:postmeta>
			<wp:meta_key>_gallery_imgs</wp:meta_key>
			<wp:meta_value><![CDATA[155]]></wp:meta_value>
		</wp:postmeta>
		<wp:postmeta>
			<wp:meta_key>_thumbnail_id</wp:meta_key>
			<wp:meta_value><![CDATA[156]]></wp:meta_value>
		</wp:postmeta>
		<wp:postmeta>
			<wp:meta_key>_vc_post_settings</wp:meta_key>
			<wp:meta_value><![CDATA[a:2:{s:7:"vc_grid";a:0:{}s:10:"vc_grid_id";a:0:{}}]]></wp:meta_value>
		</wp:postmeta>
		<wp:postmeta>
			<wp:meta_key>_room_hotel_id</wp:meta_key>
			<wp:meta_value><![CDATA[136]]></wp:meta_value>
		</wp:postmeta>
		<wp:postmeta>
			<wp:meta_key>_room_max_adults</wp:meta_key>
			<wp:meta_value><![CDATA[1]]></wp:meta_value>
		</wp:postmeta>
		<wp:postmeta>
			<wp:meta_key>_room_max_kids</wp:meta_key>
			<wp:meta_value><![CDATA[0]]></wp:meta_value>
		</wp:postmeta>
	</item>
	<item>
		<title>Double Room</title>
		<link>http://www.soaptheme.net/wordpress/citytours/room-type/double-room/</link>
		<pubDate>Thu, 01 Oct 2015 16:18:01 +0000</pubDate>
		<dc:creator><![CDATA[admin]]></dc:creator>
		<guid isPermaLink="false">http://www.soaptheme.net/wordpress/citytours/?post_type=room_type&#038;p=157</guid>
		<description></description>
		<content:encoded><![CDATA[Lorem ipsum dolor sit amet, at omnes deseruisse pri. Quo aeterno legimus insolens ad. Sit cu detraxit constituam, an mel iudico constituto efficiendi.]]></content:encoded>
		<excerpt:encoded><![CDATA[]]></excerpt:encoded>
		<wp:post_id>157</wp:post_id>
		<wp:post_date>2015-10-01 16:18:01</wp:post_date>
		<wp:post_date_gmt>2015-10-01 16:18:01</wp:post_date_gmt>
		<wp:comment_status>closed</wp:comment_status>
		<wp:ping_status>closed</wp:ping_status>
		<wp:post_name>double-room</wp:post_name>
		<wp:status>publish</wp:status>
		<wp:post_parent>0</wp:post_parent>
		<wp:menu_order>0</wp:menu_order>
		<wp:post_type>room_type</wp:post_type>
		<wp:post_password></wp:post_password>
		<wp:is_sticky>0</wp:is_sticky>
		<category domain="hotel_facility" nicename="breakfast"><![CDATA[Breakfast]]></category>
		<category domain="hotel_facility" nicename="pet-allowed"><![CDATA[Pet allowed]]></category>
		<category domain="hotel_facility" nicename="plasma-tv"><![CDATA[Plasma TV]]></category>
		<wp:postmeta>
			<wp:meta_key>_edit_last</wp:meta_key>
			<wp:meta_value><![CDATA[1]]></wp:meta_value>
		</wp:postmeta>
		<wp:postmeta>
			<wp:meta_key>_gallery_imgs</wp:meta_key>
			<wp:meta_value><![CDATA[155]]></wp:meta_value>
		</wp:postmeta>
		<wp:postmeta>
			<wp:meta_key>_gallery_imgs</wp:meta_key>
			<wp:meta_value><![CDATA[154]]></wp:meta_value>
		</wp:postmeta>
		<wp:postmeta>
			<wp:meta_key>_gallery_imgs</wp:meta_key>
			<wp:meta_value><![CDATA[153]]></wp:meta_value>
		</wp:postmeta>
		<wp:postmeta>
			<wp:meta_key>_gallery_imgs</wp:meta_key>
			<wp:meta_value><![CDATA[152]]></wp:meta_value>
		</wp:postmeta>
		<wp:postmeta>
			<wp:meta_key>_thumbnail_id</wp:meta_key>
			<wp:meta_value><![CDATA[158]]></wp:meta_value>
		</wp:postmeta>
		<wp:postmeta>
			<wp:meta_key>_vc_post_settings</wp:meta_key>
			<wp:meta_value><![CDATA[a:2:{s:7:"vc_grid";a:0:{}s:10:"vc_grid_id";a:0:{}}]]></wp:meta_value>
		</wp:postmeta>
		<wp:postmeta>
			<wp:meta_key>_room_hotel_id</wp:meta_key>
			<wp:meta_value><![CDATA[136]]></wp:meta_value>
		</wp:postmeta>
		<wp:postmeta>
			<wp:meta_key>_room_max_adults</wp:meta_key>
			<wp:meta_value><![CDATA[2]]></wp:meta_value>
		</wp:postmeta>
		<wp:postmeta>
			<wp:meta_key>_room_max_kids</wp:meta_key>
			<wp:meta_value><![CDATA[1]]></wp:meta_value>
		</wp:postmeta>
	</item>
	<item>
		<title>Double Room</title>
		<link>http://www.soaptheme.net/wordpress/citytours/room-type/double-room-2/</link>
		<pubDate>Fri, 02 Oct 2015 14:28:43 +0000</pubDate>
		<dc:creator><![CDATA[admin]]></dc:creator>
		<guid isPermaLink="false">http://www.soaptheme.net/wordpress/citytours/?post_type=room_type&#038;p=187</guid>
		<description></description>
		<content:encoded><![CDATA[Lorem ipsum dolor sit amet, at omnes deseruisse pri. Quo aeterno legimus insolens ad. Sit cu detraxit constituam, an mel iudico constituto efficiendi.]]></content:encoded>
		<excerpt:encoded><![CDATA[]]></excerpt:encoded>
		<wp:post_id>187</wp:post_id>
		<wp:post_date>2015-10-02 14:28:43</wp:post_date>
		<wp:post_date_gmt>2015-10-02 14:28:43</wp:post_date_gmt>
		<wp:comment_status>closed</wp:comment_status>
		<wp:ping_status>closed</wp:ping_status>
		<wp:post_name>double-room-2</wp:post_name>
		<wp:status>publish</wp:status>
		<wp:post_parent>0</wp:post_parent>
		<wp:menu_order>0</wp:menu_order>
		<wp:post_type>room_type</wp:post_type>
		<wp:post_password></wp:post_password>
		<wp:is_sticky>0</wp:is_sticky>
		<category domain="hotel_facility" nicename="breakfast"><![CDATA[Breakfast]]></category>
		<category domain="hotel_facility" nicename="pet-allowed"><![CDATA[Pet allowed]]></category>
		<category domain="hotel_facility" nicename="plasma-tv"><![CDATA[Plasma TV]]></category>
		<wp:postmeta>
			<wp:meta_key>_edit_last</wp:meta_key>
			<wp:meta_value><![CDATA[1]]></wp:meta_value>
		</wp:postmeta>
		<wp:postmeta>
			<wp:meta_key>_gallery_imgs</wp:meta_key>
			<wp:meta_value><![CDATA[155]]></wp:meta_value>
		</wp:postmeta>
		<wp:postmeta>
			<wp:meta_key>_gallery_imgs</wp:meta_key>
			<wp:meta_value><![CDATA[154]]></wp:meta_value>
		</wp:postmeta>
		<wp:postmeta>
			<wp:meta_key>_gallery_imgs</wp:meta_key>
			<wp:meta_value><![CDATA[153]]></wp:meta_value>
		</wp:postmeta>
		<wp:postmeta>
			<wp:meta_key>_gallery_imgs</wp:meta_key>
			<wp:meta_value><![CDATA[152]]></wp:meta_value>
		</wp:postmeta>
		<wp:postmeta>
			<wp:meta_key>_thumbnail_id</wp:meta_key>
			<wp:meta_value><![CDATA[158]]></wp:meta_value>
		</wp:postmeta>
		<wp:postmeta>
			<wp:meta_key>_vc_post_settings</wp:meta_key>
			<wp:meta_value><![CDATA[a:2:{s:7:"vc_grid";a:0:{}s:10:"vc_grid_id";a:0:{}}]]></wp:meta_value>
		</wp:postmeta>
		<wp:postmeta>
			<wp:meta_key>_room_hotel_id</wp:meta_key>
			<wp:meta_value><![CDATA[183]]></wp:meta_value>
		</wp:postmeta>
		<wp:postmeta>
			<wp:meta_key>_room_max_adults</wp:meta_key>
			<wp:meta_value><![CDATA[2]]></wp:meta_value>
		</wp:postmeta>
		<wp:postmeta>
			<wp:meta_key>_room_max_kids</wp:meta_key>
			<wp:meta_value><![CDATA[1]]></wp:meta_value>
		</wp:postmeta>
		<wp:postmeta>
			<wp:meta_key>_dp_original</wp:meta_key>
			<wp:meta_value><![CDATA[157]]></wp:meta_value>
		</wp:postmeta>
	</item>
	<item>
		<title>Single Room</title>
		<link>http://www.soaptheme.net/wordpress/citytours/room-type/single-room-2/</link>
		<pubDate>Fri, 02 Oct 2015 14:28:50 +0000</pubDate>
		<dc:creator><![CDATA[admin]]></dc:creator>
		<guid isPermaLink="false">http://www.soaptheme.net/wordpress/citytours/?post_type=room_type&#038;p=188</guid>
		<description></description>
		<content:encoded><![CDATA[Lorem ipsum dolor sit amet, at omnes deseruisse pri. Quo aeterno legimus insolens ad. Sit cu detraxit constituam, an mel iudico constituto efficiendi.]]></content:encoded>
		<excerpt:encoded><![CDATA[]]></excerpt:encoded>
		<wp:post_id>188</wp:post_id>
		<wp:post_date>2015-10-02 14:28:50</wp:post_date>
		<wp:post_date_gmt>2015-10-02 14:28:50</wp:post_date_gmt>
		<wp:comment_status>closed</wp:comment_status>
		<wp:ping_status>closed</wp:ping_status>
		<wp:post_name>single-room-2</wp:post_name>
		<wp:status>publish</wp:status>
		<wp:post_parent>0</wp:post_parent>
		<wp:menu_order>0</wp:menu_order>
		<wp:post_type>room_type</wp:post_type>
		<wp:post_password></wp:post_password>
		<wp:is_sticky>0</wp:is_sticky>
		<category domain="hotel_facility" nicename="breakfast"><![CDATA[Breakfast]]></category>
		<category domain="hotel_facility" nicename="plasma-tv"><![CDATA[Plasma TV]]></category>
		<category domain="hotel_facility" nicename="spa"><![CDATA[Spa]]></category>
		<wp:postmeta>
			<wp:meta_key>_edit_last</wp:meta_key>
			<wp:meta_value><![CDATA[1]]></wp:meta_value>
		</wp:postmeta>
		<wp:postmeta>
			<wp:meta_key>_gallery_imgs</wp:meta_key>
			<wp:meta_value><![CDATA[152]]></wp:meta_value>
		</wp:postmeta>
		<wp:postmeta>
			<wp:meta_key>_gallery_imgs</wp:meta_key>
			<wp:meta_value><![CDATA[153]]></wp:meta_value>
		</wp:postmeta>
		<wp:postmeta>
			<wp:meta_key>_gallery_imgs</wp:meta_key>
			<wp:meta_value><![CDATA[154]]></wp:meta_value>
		</wp:postmeta>
		<wp:postmeta>
			<wp:meta_key>_gallery_imgs</wp:meta_key>
			<wp:meta_value><![CDATA[155]]></wp:meta_value>
		</wp:postmeta>
		<wp:postmeta>
			<wp:meta_key>_thumbnail_id</wp:meta_key>
			<wp:meta_value><![CDATA[156]]></wp:meta_value>
		</wp:postmeta>
		<wp:postmeta>
			<wp:meta_key>_vc_post_settings</wp:meta_key>
			<wp:meta_value><![CDATA[a:2:{s:7:"vc_grid";a:0:{}s:10:"vc_grid_id";a:0:{}}]]></wp:meta_value>
		</wp:postmeta>
		<wp:postmeta>
			<wp:meta_key>_room_hotel_id</wp:meta_key>
			<wp:meta_value><![CDATA[183]]></wp:meta_value>
		</wp:postmeta>
		<wp:postmeta>
			<wp:meta_key>_room_max_adults</wp:meta_key>
			<wp:meta_value><![CDATA[1]]></wp:meta_value>
		</wp:postmeta>
		<wp:postmeta>
			<wp:meta_key>_room_max_kids</wp:meta_key>
			<wp:meta_value><![CDATA[0]]></wp:meta_value>
		</wp:postmeta>
		<wp:postmeta>
			<wp:meta_key>_dp_original</wp:meta_key>
			<wp:meta_value><![CDATA[151]]></wp:meta_value>
		</wp:postmeta>
	</item>
	<item>
		<title>Single Room</title>
		<link>http://www.soaptheme.net/wordpress/citytours/room-type/single-room-3/</link>
		<pubDate>Fri, 02 Oct 2015 14:34:29 +0000</pubDate>
		<dc:creator><![CDATA[admin]]></dc:creator>
		<guid isPermaLink="false">http://www.soaptheme.net/wordpress/citytours/?post_type=room_type&#038;p=189</guid>
		<description></description>
		<content:encoded><![CDATA[Lorem ipsum dolor sit amet, at omnes deseruisse pri. Quo aeterno legimus insolens ad. Sit cu detraxit constituam, an mel iudico constituto efficiendi.]]></content:encoded>
		<excerpt:encoded><![CDATA[]]></excerpt:encoded>
		<wp:post_id>189</wp:post_id>
		<wp:post_date>2015-10-02 14:34:29</wp:post_date>
		<wp:post_date_gmt>2015-10-02 14:34:29</wp:post_date_gmt>
		<wp:comment_status>closed</wp:comment_status>
		<wp:ping_status>closed</wp:ping_status>
		<wp:post_name>single-room-3</wp:post_name>
		<wp:status>publish</wp:status>
		<wp:post_parent>0</wp:post_parent>
		<wp:menu_order>0</wp:menu_order>
		<wp:post_type>room_type</wp:post_type>
		<wp:post_password></wp:post_password>
		<wp:is_sticky>0</wp:is_sticky>
		<category domain="hotel_facility" nicename="breakfast"><![CDATA[Breakfast]]></category>
		<category domain="hotel_facility" nicename="plasma-tv"><![CDATA[Plasma TV]]></category>
		<category domain="hotel_facility" nicename="spa"><![CDATA[Spa]]></category>
		<wp:postmeta>
			<wp:meta_key>_edit_last</wp:meta_key>
			<wp:meta_value><![CDATA[1]]></wp:meta_value>
		</wp:postmeta>
		<wp:postmeta>
			<wp:meta_key>_gallery_imgs</wp:meta_key>
			<wp:meta_value><![CDATA[152]]></wp:meta_value>
		</wp:postmeta>
		<wp:postmeta>
			<wp:meta_key>_gallery_imgs</wp:meta_key>
			<wp:meta_value><![CDATA[153]]></wp:meta_value>
		</wp:postmeta>
		<wp:postmeta>
			<wp:meta_key>_gallery_imgs</wp:meta_key>
			<wp:meta_value><![CDATA[154]]></wp:meta_value>
		</wp:postmeta>
		<wp:postmeta>
			<wp:meta_key>_gallery_imgs</wp:meta_key>
			<wp:meta_value><![CDATA[155]]></wp:meta_value>
		</wp:postmeta>
		<wp:postmeta>
			<wp:meta_key>_thumbnail_id</wp:meta_key>
			<wp:meta_value><![CDATA[156]]></wp:meta_value>
		</wp:postmeta>
		<wp:postmeta>
			<wp:meta_key>_vc_post_settings</wp:meta_key>
			<wp:meta_value><![CDATA[a:2:{s:7:"vc_grid";a:0:{}s:10:"vc_grid_id";a:0:{}}]]></wp:meta_value>
		</wp:postmeta>
		<wp:postmeta>
			<wp:meta_key>_room_hotel_id</wp:meta_key>
			<wp:meta_value><![CDATA[184]]></wp:meta_value>
		</wp:postmeta>
		<wp:postmeta>
			<wp:meta_key>_room_max_adults</wp:meta_key>
			<wp:meta_value><![CDATA[1]]></wp:meta_value>
		</wp:postmeta>
		<wp:postmeta>
			<wp:meta_key>_room_max_kids</wp:meta_key>
			<wp:meta_value><![CDATA[0]]></wp:meta_value>
		</wp:postmeta>
		<wp:postmeta>
			<wp:meta_key>_dp_original</wp:meta_key>
			<wp:meta_value><![CDATA[151]]></wp:meta_value>
		</wp:postmeta>
	</item>
	<item>
		<title>Double Room</title>
		<link>http://www.soaptheme.net/wordpress/citytours/room-type/double-room-3/</link>
		<pubDate>Fri, 02 Oct 2015 14:34:30 +0000</pubDate>
		<dc:creator><![CDATA[admin]]></dc:creator>
		<guid isPermaLink="false">http://www.soaptheme.net/wordpress/citytours/?post_type=room_type&#038;p=190</guid>
		<description></description>
		<content:encoded><![CDATA[Lorem ipsum dolor sit amet, at omnes deseruisse pri. Quo aeterno legimus insolens ad. Sit cu detraxit constituam, an mel iudico constituto efficiendi.]]></content:encoded>
		<excerpt:encoded><![CDATA[]]></excerpt:encoded>
		<wp:post_id>190</wp:post_id>
		<wp:post_date>2015-10-02 14:34:30</wp:post_date>
		<wp:post_date_gmt>2015-10-02 14:34:30</wp:post_date_gmt>
		<wp:comment_status>closed</wp:comment_status>
		<wp:ping_status>closed</wp:ping_status>
		<wp:post_name>double-room-3</wp:post_name>
		<wp:status>publish</wp:status>
		<wp:post_parent>0</wp:post_parent>
		<wp:menu_order>0</wp:menu_order>
		<wp:post_type>room_type</wp:post_type>
		<wp:post_password></wp:post_password>
		<wp:is_sticky>0</wp:is_sticky>
		<category domain="hotel_facility" nicename="breakfast"><![CDATA[Breakfast]]></category>
		<category domain="hotel_facility" nicename="pet-allowed"><![CDATA[Pet allowed]]></category>
		<category domain="hotel_facility" nicename="plasma-tv"><![CDATA[Plasma TV]]></category>
		<wp:postmeta>
			<wp:meta_key>_edit_last</wp:meta_key>
			<wp:meta_value><![CDATA[1]]></wp:meta_value>
		</wp:postmeta>
		<wp:postmeta>
			<wp:meta_key>_gallery_imgs</wp:meta_key>
			<wp:meta_value><![CDATA[155]]></wp:meta_value>
		</wp:postmeta>
		<wp:postmeta>
			<wp:meta_key>_gallery_imgs</wp:meta_key>
			<wp:meta_value><![CDATA[154]]></wp:meta_value>
		</wp:postmeta>
		<wp:postmeta>
			<wp:meta_key>_gallery_imgs</wp:meta_key>
			<wp:meta_value><![CDATA[153]]></wp:meta_value>
		</wp:postmeta>
		<wp:postmeta>
			<wp:meta_key>_gallery_imgs</wp:meta_key>
			<wp:meta_value><![CDATA[152]]></wp:meta_value>
		</wp:postmeta>
		<wp:postmeta>
			<wp:meta_key>_thumbnail_id</wp:meta_key>
			<wp:meta_value><![CDATA[158]]></wp:meta_value>
		</wp:postmeta>
		<wp:postmeta>
			<wp:meta_key>_vc_post_settings</wp:meta_key>
			<wp:meta_value><![CDATA[a:2:{s:7:"vc_grid";a:0:{}s:10:"vc_grid_id";a:0:{}}]]></wp:meta_value>
		</wp:postmeta>
		<wp:postmeta>
			<wp:meta_key>_room_hotel_id</wp:meta_key>
			<wp:meta_value><![CDATA[184]]></wp:meta_value>
		</wp:postmeta>
		<wp:postmeta>
			<wp:meta_key>_room_max_adults</wp:meta_key>
			<wp:meta_value><![CDATA[2]]></wp:meta_value>
		</wp:postmeta>
		<wp:postmeta>
			<wp:meta_key>_room_max_kids</wp:meta_key>
			<wp:meta_value><![CDATA[1]]></wp:meta_value>
		</wp:postmeta>
		<wp:postmeta>
			<wp:meta_key>_dp_original</wp:meta_key>
			<wp:meta_value><![CDATA[157]]></wp:meta_value>
		</wp:postmeta>
	</item>
	<item>
		<title>Single Room</title>
		<link>http://www.soaptheme.net/wordpress/citytours/room-type/single-room-4/</link>
		<pubDate>Fri, 02 Oct 2015 14:35:34 +0000</pubDate>
		<dc:creator><![CDATA[admin]]></dc:creator>
		<guid isPermaLink="false">http://www.soaptheme.net/wordpress/citytours/?post_type=room_type&#038;p=191</guid>
		<description></description>
		<content:encoded><![CDATA[Lorem ipsum dolor sit amet, at omnes deseruisse pri. Quo aeterno legimus insolens ad. Sit cu detraxit constituam, an mel iudico constituto efficiendi.]]></content:encoded>
		<excerpt:encoded><![CDATA[]]></excerpt:encoded>
		<wp:post_id>191</wp:post_id>
		<wp:post_date>2015-10-02 14:35:34</wp:post_date>
		<wp:post_date_gmt>2015-10-02 14:35:34</wp:post_date_gmt>
		<wp:comment_status>closed</wp:comment_status>
		<wp:ping_status>closed</wp:ping_status>
		<wp:post_name>single-room-4</wp:post_name>
		<wp:status>publish</wp:status>
		<wp:post_parent>0</wp:post_parent>
		<wp:menu_order>0</wp:menu_order>
		<wp:post_type>room_type</wp:post_type>
		<wp:post_password></wp:post_password>
		<wp:is_sticky>0</wp:is_sticky>
		<category domain="hotel_facility" nicename="breakfast"><![CDATA[Breakfast]]></category>
		<category domain="hotel_facility" nicename="plasma-tv"><![CDATA[Plasma TV]]></category>
		<category domain="hotel_facility" nicename="spa"><![CDATA[Spa]]></category>
		<wp:postmeta>
			<wp:meta_key>_edit_last</wp:meta_key>
			<wp:meta_value><![CDATA[1]]></wp:meta_value>
		</wp:postmeta>
		<wp:postmeta>
			<wp:meta_key>_gallery_imgs</wp:meta_key>
			<wp:meta_value><![CDATA[152]]></wp:meta_value>
		</wp:postmeta>
		<wp:postmeta>
			<wp:meta_key>_gallery_imgs</wp:meta_key>
			<wp:meta_value><![CDATA[153]]></wp:meta_value>
		</wp:postmeta>
		<wp:postmeta>
			<wp:meta_key>_gallery_imgs</wp:meta_key>
			<wp:meta_value><![CDATA[154]]></wp:meta_value>
		</wp:postmeta>
		<wp:postmeta>
			<wp:meta_key>_gallery_imgs</wp:meta_key>
			<wp:meta_value><![CDATA[155]]></wp:meta_value>
		</wp:postmeta>
		<wp:postmeta>
			<wp:meta_key>_thumbnail_id</wp:meta_key>
			<wp:meta_value><![CDATA[156]]></wp:meta_value>
		</wp:postmeta>
		<wp:postmeta>
			<wp:meta_key>_vc_post_settings</wp:meta_key>
			<wp:meta_value><![CDATA[a:2:{s:7:"vc_grid";a:0:{}s:10:"vc_grid_id";a:0:{}}]]></wp:meta_value>
		</wp:postmeta>
		<wp:postmeta>
			<wp:meta_key>_room_hotel_id</wp:meta_key>
			<wp:meta_value><![CDATA[185]]></wp:meta_value>
		</wp:postmeta>
		<wp:postmeta>
			<wp:meta_key>_room_max_adults</wp:meta_key>
			<wp:meta_value><![CDATA[1]]></wp:meta_value>
		</wp:postmeta>
		<wp:postmeta>
			<wp:meta_key>_room_max_kids</wp:meta_key>
			<wp:meta_value><![CDATA[0]]></wp:meta_value>
		</wp:postmeta>
		<wp:postmeta>
			<wp:meta_key>_dp_original</wp:meta_key>
			<wp:meta_value><![CDATA[151]]></wp:meta_value>
		</wp:postmeta>
	</item>
	<item>
		<title>Double Room</title>
		<link>http://www.soaptheme.net/wordpress/citytours/room-type/double-room-4/</link>
		<pubDate>Fri, 02 Oct 2015 14:35:29 +0000</pubDate>
		<dc:creator><![CDATA[admin]]></dc:creator>
		<guid isPermaLink="false">http://www.soaptheme.net/wordpress/citytours/?post_type=room_type&#038;p=192</guid>
		<description></description>
		<content:encoded><![CDATA[Lorem ipsum dolor sit amet, at omnes deseruisse pri. Quo aeterno legimus insolens ad. Sit cu detraxit constituam, an mel iudico constituto efficiendi.]]></content:encoded>
		<excerpt:encoded><![CDATA[]]></excerpt:encoded>
		<wp:post_id>192</wp:post_id>
		<wp:post_date>2015-10-02 14:35:29</wp:post_date>
		<wp:post_date_gmt>2015-10-02 14:35:29</wp:post_date_gmt>
		<wp:comment_status>closed</wp:comment_status>
		<wp:ping_status>closed</wp:ping_status>
		<wp:post_name>double-room-4</wp:post_name>
		<wp:status>publish</wp:status>
		<wp:post_parent>0</wp:post_parent>
		<wp:menu_order>0</wp:menu_order>
		<wp:post_type>room_type</wp:post_type>
		<wp:post_password></wp:post_password>
		<wp:is_sticky>0</wp:is_sticky>
		<category domain="hotel_facility" nicename="breakfast"><![CDATA[Breakfast]]></category>
		<category domain="hotel_facility" nicename="pet-allowed"><![CDATA[Pet allowed]]></category>
		<category domain="hotel_facility" nicename="plasma-tv"><![CDATA[Plasma TV]]></category>
		<wp:postmeta>
			<wp:meta_key>_edit_last</wp:meta_key>
			<wp:meta_value><![CDATA[1]]></wp:meta_value>
		</wp:postmeta>
		<wp:postmeta>
			<wp:meta_key>_gallery_imgs</wp:meta_key>
			<wp:meta_value><![CDATA[155]]></wp:meta_value>
		</wp:postmeta>
		<wp:postmeta>
			<wp:meta_key>_gallery_imgs</wp:meta_key>
			<wp:meta_value><![CDATA[154]]></wp:meta_value>
		</wp:postmeta>
		<wp:postmeta>
			<wp:meta_key>_gallery_imgs</wp:meta_key>
			<wp:meta_value><![CDATA[153]]></wp:meta_value>
		</wp:postmeta>
		<wp:postmeta>
			<wp:meta_key>_gallery_imgs</wp:meta_key>
			<wp:meta_value><![CDATA[152]]></wp:meta_value>
		</wp:postmeta>
		<wp:postmeta>
			<wp:meta_key>_thumbnail_id</wp:meta_key>
			<wp:meta_value><![CDATA[158]]></wp:meta_value>
		</wp:postmeta>
		<wp:postmeta>
			<wp:meta_key>_vc_post_settings</wp:meta_key>
			<wp:meta_value><![CDATA[a:2:{s:7:"vc_grid";a:0:{}s:10:"vc_grid_id";a:0:{}}]]></wp:meta_value>
		</wp:postmeta>
		<wp:postmeta>
			<wp:meta_key>_room_hotel_id</wp:meta_key>
			<wp:meta_value><![CDATA[185]]></wp:meta_value>
		</wp:postmeta>
		<wp:postmeta>
			<wp:meta_key>_room_max_adults</wp:meta_key>
			<wp:meta_value><![CDATA[2]]></wp:meta_value>
		</wp:postmeta>
		<wp:postmeta>
			<wp:meta_key>_room_max_kids</wp:meta_key>
			<wp:meta_value><![CDATA[1]]></wp:meta_value>
		</wp:postmeta>
		<wp:postmeta>
			<wp:meta_key>_dp_original</wp:meta_key>
			<wp:meta_value><![CDATA[157]]></wp:meta_value>
		</wp:postmeta>
	</item>
	<item>
		<title>Single Room</title>
		<link>http://www.soaptheme.net/wordpress/citytours/room-type/single-room-5/</link>
		<pubDate>Fri, 02 Oct 2015 14:36:38 +0000</pubDate>
		<dc:creator><![CDATA[admin]]></dc:creator>
		<guid isPermaLink="false">http://www.soaptheme.net/wordpress/citytours/?post_type=room_type&#038;p=194</guid>
		<description></description>
		<content:encoded><![CDATA[Lorem ipsum dolor sit amet, at omnes deseruisse pri. Quo aeterno legimus insolens ad. Sit cu detraxit constituam, an mel iudico constituto efficiendi.]]></content:encoded>
		<excerpt:encoded><![CDATA[]]></excerpt:encoded>
		<wp:post_id>194</wp:post_id>
		<wp:post_date>2015-10-02 14:36:38</wp:post_date>
		<wp:post_date_gmt>2015-10-02 14:36:38</wp:post_date_gmt>
		<wp:comment_status>closed</wp:comment_status>
		<wp:ping_status>closed</wp:ping_status>
		<wp:post_name>single-room-5</wp:post_name>
		<wp:status>publish</wp:status>
		<wp:post_parent>0</wp:post_parent>
		<wp:menu_order>0</wp:menu_order>
		<wp:post_type>room_type</wp:post_type>
		<wp:post_password></wp:post_password>
		<wp:is_sticky>0</wp:is_sticky>
		<category domain="hotel_facility" nicename="breakfast"><![CDATA[Breakfast]]></category>
		<category domain="hotel_facility" nicename="plasma-tv"><![CDATA[Plasma TV]]></category>
		<category domain="hotel_facility" nicename="spa"><![CDATA[Spa]]></category>
		<wp:postmeta>
			<wp:meta_key>_edit_last</wp:meta_key>
			<wp:meta_value><![CDATA[1]]></wp:meta_value>
		</wp:postmeta>
		<wp:postmeta>
			<wp:meta_key>_gallery_imgs</wp:meta_key>
			<wp:meta_value><![CDATA[152]]></wp:meta_value>
		</wp:postmeta>
		<wp:postmeta>
			<wp:meta_key>_gallery_imgs</wp:meta_key>
			<wp:meta_value><![CDATA[153]]></wp:meta_value>
		</wp:postmeta>
		<wp:postmeta>
			<wp:meta_key>_gallery_imgs</wp:meta_key>
			<wp:meta_value><![CDATA[154]]></wp:meta_value>
		</wp:postmeta>
		<wp:postmeta>
			<wp:meta_key>_gallery_imgs</wp:meta_key>
			<wp:meta_value><![CDATA[155]]></wp:meta_value>
		</wp:postmeta>
		<wp:postmeta>
			<wp:meta_key>_thumbnail_id</wp:meta_key>
			<wp:meta_value><![CDATA[156]]></wp:meta_value>
		</wp:postmeta>
		<wp:postmeta>
			<wp:meta_key>_vc_post_settings</wp:meta_key>
			<wp:meta_value><![CDATA[a:2:{s:7:"vc_grid";a:0:{}s:10:"vc_grid_id";a:0:{}}]]></wp:meta_value>
		</wp:postmeta>
		<wp:postmeta>
			<wp:meta_key>_room_hotel_id</wp:meta_key>
			<wp:meta_value><![CDATA[186]]></wp:meta_value>
		</wp:postmeta>
		<wp:postmeta>
			<wp:meta_key>_room_max_adults</wp:meta_key>
			<wp:meta_value><![CDATA[1]]></wp:meta_value>
		</wp:postmeta>
		<wp:postmeta>
			<wp:meta_key>_room_max_kids</wp:meta_key>
			<wp:meta_value><![CDATA[0]]></wp:meta_value>
		</wp:postmeta>
		<wp:postmeta>
			<wp:meta_key>_dp_original</wp:meta_key>
			<wp:meta_value><![CDATA[151]]></wp:meta_value>
		</wp:postmeta>
	</item>
	<item>
		<title>Double Room</title>
		<link>http://www.soaptheme.net/wordpress/citytours/room-type/double-room-5/</link>
		<pubDate>Fri, 02 Oct 2015 14:36:43 +0000</pubDate>
		<dc:creator><![CDATA[admin]]></dc:creator>
		<guid isPermaLink="false">http://www.soaptheme.net/wordpress/citytours/?post_type=room_type&#038;p=195</guid>
		<description></description>
		<content:encoded><![CDATA[Lorem ipsum dolor sit amet, at omnes deseruisse pri. Quo aeterno legimus insolens ad. Sit cu detraxit constituam, an mel iudico constituto efficiendi.]]></content:encoded>
		<excerpt:encoded><![CDATA[]]></excerpt:encoded>
		<wp:post_id>195</wp:post_id>
		<wp:post_date>2015-10-02 14:36:43</wp:post_date>
		<wp:post_date_gmt>2015-10-02 14:36:43</wp:post_date_gmt>
		<wp:comment_status>closed</wp:comment_status>
		<wp:ping_status>closed</wp:ping_status>
		<wp:post_name>double-room-5</wp:post_name>
		<wp:status>publish</wp:status>
		<wp:post_parent>0</wp:post_parent>
		<wp:menu_order>0</wp:menu_order>
		<wp:post_type>room_type</wp:post_type>
		<wp:post_password></wp:post_password>
		<wp:is_sticky>0</wp:is_sticky>
		<category domain="hotel_facility" nicename="breakfast"><![CDATA[Breakfast]]></category>
		<category domain="hotel_facility" nicename="pet-allowed"><![CDATA[Pet allowed]]></category>
		<category domain="hotel_facility" nicename="plasma-tv"><![CDATA[Plasma TV]]></category>
		<wp:postmeta>
			<wp:meta_key>_edit_last</wp:meta_key>
			<wp:meta_value><![CDATA[1]]></wp:meta_value>
		</wp:postmeta>
		<wp:postmeta>
			<wp:meta_key>_gallery_imgs</wp:meta_key>
			<wp:meta_value><![CDATA[155]]></wp:meta_value>
		</wp:postmeta>
		<wp:postmeta>
			<wp:meta_key>_gallery_imgs</wp:meta_key>
			<wp:meta_value><![CDATA[154]]></wp:meta_value>
		</wp:postmeta>
		<wp:postmeta>
			<wp:meta_key>_gallery_imgs</wp:meta_key>
			<wp:meta_value><![CDATA[153]]></wp:meta_value>
		</wp:postmeta>
		<wp:postmeta>
			<wp:meta_key>_gallery_imgs</wp:meta_key>
			<wp:meta_value><![CDATA[152]]></wp:meta_value>
		</wp:postmeta>
		<wp:postmeta>
			<wp:meta_key>_thumbnail_id</wp:meta_key>
			<wp:meta_value><![CDATA[158]]></wp:meta_value>
		</wp:postmeta>
		<wp:postmeta>
			<wp:meta_key>_vc_post_settings</wp:meta_key>
			<wp:meta_value><![CDATA[a:2:{s:7:"vc_grid";a:0:{}s:10:"vc_grid_id";a:0:{}}]]></wp:meta_value>
		</wp:postmeta>
		<wp:postmeta>
			<wp:meta_key>_room_hotel_id</wp:meta_key>
			<wp:meta_value><![CDATA[186]]></wp:meta_value>
		</wp:postmeta>
		<wp:postmeta>
			<wp:meta_key>_room_max_adults</wp:meta_key>
			<wp:meta_value><![CDATA[2]]></wp:meta_value>
		</wp:postmeta>
		<wp:postmeta>
			<wp:meta_key>_room_max_kids</wp:meta_key>
			<wp:meta_value><![CDATA[1]]></wp:meta_value>
		</wp:postmeta>
		<wp:postmeta>
			<wp:meta_key>_dp_original</wp:meta_key>
			<wp:meta_value><![CDATA[157]]></wp:meta_value>
		</wp:postmeta>
	</item>
	<item>
		<title>Family Room</title>
		<link>http://www.soaptheme.net/wordpress/citytours/room-type/family-room/</link>
		<pubDate>Fri, 02 Oct 2015 14:49:33 +0000</pubDate>
		<dc:creator><![CDATA[admin]]></dc:creator>
		<guid isPermaLink="false">http://www.soaptheme.net/wordpress/citytours/?post_type=room_type&#038;p=196</guid>
		<description></description>
		<content:encoded><![CDATA[Lorem ipsum dolor sit amet, at omnes deseruisse pri. Quo aeterno legimus insolens ad. Sit cu detraxit constituam, an mel iudico constituto efficiendi.]]></content:encoded>
		<excerpt:encoded><![CDATA[]]></excerpt:encoded>
		<wp:post_id>196</wp:post_id>
		<wp:post_date>2015-10-02 14:49:33</wp:post_date>
		<wp:post_date_gmt>2015-10-02 14:49:33</wp:post_date_gmt>
		<wp:comment_status>closed</wp:comment_status>
		<wp:ping_status>closed</wp:ping_status>
		<wp:post_name>family-room</wp:post_name>
		<wp:status>publish</wp:status>
		<wp:post_parent>0</wp:post_parent>
		<wp:menu_order>0</wp:menu_order>
		<wp:post_type>room_type</wp:post_type>
		<wp:post_password></wp:post_password>
		<wp:is_sticky>0</wp:is_sticky>
		<category domain="hotel_facility" nicename="accessibiliy"><![CDATA[Accessibiliy]]></category>
		<category domain="hotel_facility" nicename="breakfast"><![CDATA[Breakfast]]></category>
		<category domain="hotel_facility" nicename="fitness-center"><![CDATA[Fitness center]]></category>
		<category domain="hotel_facility" nicename="free-wifi"><![CDATA[Free Wifi]]></category>
		<category domain="hotel_facility" nicename="parking"><![CDATA[Parking]]></category>
		<wp:postmeta>
			<wp:meta_key>_edit_last</wp:meta_key>
			<wp:meta_value><![CDATA[1]]></wp:meta_value>
		</wp:postmeta>
		<wp:postmeta>
			<wp:meta_key>_gallery_imgs</wp:meta_key>
			<wp:meta_value><![CDATA[155]]></wp:meta_value>
		</wp:postmeta>
		<wp:postmeta>
			<wp:meta_key>_gallery_imgs</wp:meta_key>
			<wp:meta_value><![CDATA[154]]></wp:meta_value>
		</wp:postmeta>
		<wp:postmeta>
			<wp:meta_key>_gallery_imgs</wp:meta_key>
			<wp:meta_value><![CDATA[153]]></wp:meta_value>
		</wp:postmeta>
		<wp:postmeta>
			<wp:meta_key>_thumbnail_id</wp:meta_key>
			<wp:meta_value><![CDATA[161]]></wp:meta_value>
		</wp:postmeta>
		<wp:postmeta>
			<wp:meta_key>_vc_post_settings</wp:meta_key>
			<wp:meta_value><![CDATA[a:2:{s:7:"vc_grid";a:0:{}s:10:"vc_grid_id";a:0:{}}]]></wp:meta_value>
		</wp:postmeta>
		<wp:postmeta>
			<wp:meta_key>_room_hotel_id</wp:meta_key>
			<wp:meta_value><![CDATA[185]]></wp:meta_value>
		</wp:postmeta>
		<wp:postmeta>
			<wp:meta_key>_room_max_adults</wp:meta_key>
			<wp:meta_value><![CDATA[5]]></wp:meta_value>
		</wp:postmeta>
		<wp:postmeta>
			<wp:meta_key>_room_max_kids</wp:meta_key>
			<wp:meta_value><![CDATA[6]]></wp:meta_value>
		</wp:postmeta>
	</item>
</channel>
</rss>
