<?xml version="1.0" encoding="UTF-8" ?>
<!-- This is a WordPress eXtended RSS file generated by WordPress as an export of your site. -->
<!-- It contains information about your site's posts, pages, comments, categories, and other content. -->
<!-- You may use this file to transfer that content from one site to another. -->
<!-- This file is not intended to serve as a complete backup of your site. -->

<!-- To import this information into a WordPress site follow these steps: -->
<!-- 1. Log in to that site as an administrator. -->
<!-- 2. Go to Tools: Import in the WordPress admin panel. -->
<!-- 3. Install the "WordPress" importer from the list. -->
<!-- 4. Activate & Run Importer. -->
<!-- 5. Upload this file using the form provided on that page. -->
<!-- 6. You will first be asked to map the authors in this export file to users -->
<!--    on the site. For each author, you may choose to map to an -->
<!--    existing user on the site or to create a new user. -->
<!-- 7. WordPress will then import each of the posts, pages, comments, categories, etc. -->
<!--    contained in this file into your site. -->

<!-- generator="WordPress/4.3.3" created="2016-03-09 03:26" -->
<rss version="2.0"
	xmlns:excerpt="http://wordpress.org/export/1.2/excerpt/"
	xmlns:content="http://purl.org/rss/1.0/modules/content/"
	xmlns:wfw="http://wellformedweb.org/CommentAPI/"
	xmlns:dc="http://purl.org/dc/elements/1.1/"
	xmlns:wp="http://wordpress.org/export/1.2/"
>

<channel>
	<title>City Tours</title>
	<link>http://www.soaptheme.net/wordpress/citytours</link>
	<description>CityTours - Hotel &#38; Tour Booking Wordpress Theme</description>
	<pubDate>Wed, 09 Mar 2016 03:26:59 +0000</pubDate>
	<language>en-US</language>
	<wp:wxr_version>1.2</wp:wxr_version>
	<wp:base_site_url>http://www.soaptheme.net/wordpress/citytours</wp:base_site_url>
	<wp:base_blog_url>http://www.soaptheme.net/wordpress/citytours</wp:base_blog_url>

	<wp:author><wp:author_id>1</wp:author_id><wp:author_login>admin</wp:author_login><wp:author_email>soaptheme@gmail.com</wp:author_email><wp:author_display_name><![CDATA[admin]]></wp:author_display_name><wp:author_first_name><![CDATA[]]></wp:author_first_name><wp:author_last_name><![CDATA[]]></wp:author_last_name></wp:author>


	<generator>http://wordpress.org/?v=4.3.3</generator>

	<item>
		<title>ARC DE TRIOMPHE</title>
		<link>http://www.soaptheme.net/wordpress/citytours/tour/arc-de-triomphe/</link>
		<pubDate>Fri, 02 Oct 2015 04:26:11 +0000</pubDate>
		<dc:creator><![CDATA[admin]]></dc:creator>
		<guid isPermaLink="false">http://www.soaptheme.net/wordpress/citytours/?post_type=tour&#038;p=170</guid>
		<description></description>
		<content:encoded><![CDATA[<h4>Paris in love</h4>
<p>
Lorem ipsum dolor sit amet, at omnes deseruisse pri. Quo aeterno legimus insolens ad. Sit cu detraxit constituam, an mel iudico constituto efficiendi. Eu ponderum mediocrem has, vitae adolescens in pro. Mea liber ridens inermis ei, mei legendos vulputate an, labitur tibique te qui.
</p>
<h4>What's include</h4>
<p>
Lorem ipsum dolor sit amet, at omnes deseruisse pri. Quo aeterno legimus insolens ad. Sit cu detraxit constituam, an mel iudico constituto efficiendi.
</p>
[row]
[one_half]
[checklist]
<ul>
<li>Lorem ipsum dolor sit amet</li>
<li>No scripta electram necessitatibus sit</li>
<li>Quidam percipitur instructior an eum</li>
<li>Ut est saepe munere ceteros</li>
<li>No scripta electram necessitatibus sit</li>
<li>Quidam percipitur instructior an eum</li>
</ul>
[/checklist]
[/one_half]
[one_half]
[checklist]
<ul>
<li>Lorem ipsum dolor sit amet</li>
<li>No scripta electram necessitatibus sit</li>
<li>Quidam percipitur instructior an eum</li>
<li>No scripta electram necessitatibus sit</li>
</ul>
[/checklist]
[/one_half]
[/row]]]></content:encoded>
		<excerpt:encoded><![CDATA[]]></excerpt:encoded>
		<wp:post_id>170</wp:post_id>
		<wp:post_date>2015-10-02 04:26:11</wp:post_date>
		<wp:post_date_gmt>2015-10-02 04:26:11</wp:post_date_gmt>
		<wp:comment_status>closed</wp:comment_status>
		<wp:ping_status>closed</wp:ping_status>
		<wp:post_name>arc-de-triomphe</wp:post_name>
		<wp:status>publish</wp:status>
		<wp:post_parent>0</wp:post_parent>
		<wp:menu_order>0</wp:menu_order>
		<wp:post_type>tour</wp:post_type>
		<wp:post_password></wp:post_password>
		<wp:is_sticky>0</wp:is_sticky>
		<category domain="tour_facility" nicename="access-for-disabled"><![CDATA[Access for disabled]]></category>
		<category domain="tour_facility" nicename="audio-guide"><![CDATA[Audio guide]]></category>
		<category domain="tour_facility" nicename="groups-allowed"><![CDATA[Groups allowed]]></category>
		<category domain="tour_type" nicename="museum-tours"><![CDATA[Museum tours]]></category>
		<category domain="tour_facility" nicename="pet-allowed"><![CDATA[Pet allowed]]></category>
		<category domain="tour_facility" nicename="tour-guides"><![CDATA[Tour guides]]></category>
		<wp:postmeta>
			<wp:meta_key>_edit_last</wp:meta_key>
			<wp:meta_value><![CDATA[1]]></wp:meta_value>
		</wp:postmeta>
		<wp:postmeta>
			<wp:meta_key>_vc_post_settings</wp:meta_key>
			<wp:meta_value><![CDATA[a:2:{s:7:"vc_grid";a:0:{}s:10:"vc_grid_id";a:0:{}}]]></wp:meta_value>
		</wp:postmeta>
		<wp:postmeta>
			<wp:meta_key>_tour_repeated</wp:meta_key>
			<wp:meta_value><![CDATA[1]]></wp:meta_value>
		</wp:postmeta>
		<wp:postmeta>
			<wp:meta_key>_tour_max_people</wp:meta_key>
			<wp:meta_value><![CDATA[100]]></wp:meta_value>
		</wp:postmeta>
		<wp:postmeta>
			<wp:meta_key>_tour_price</wp:meta_key>
			<wp:meta_value><![CDATA[52]]></wp:meta_value>
		</wp:postmeta>
		<wp:postmeta>
			<wp:meta_key>_tour_charge_child</wp:meta_key>
			<wp:meta_value><![CDATA[1]]></wp:meta_value>
		</wp:postmeta>
		<wp:postmeta>
			<wp:meta_key>_tour_security_deposit</wp:meta_key>
			<wp:meta_value><![CDATA[100]]></wp:meta_value>
		</wp:postmeta>
		<wp:postmeta>
			<wp:meta_key>_tour_address</wp:meta_key>
			<wp:meta_value><![CDATA[5 Avenue Anatole France, 75007 Paris, France]]></wp:meta_value>
		</wp:postmeta>
		<wp:postmeta>
			<wp:meta_key>_tour_loc</wp:meta_key>
			<wp:meta_value><![CDATA[48.861710488671676,2.3041849677978234]]></wp:meta_value>
		</wp:postmeta>
		<wp:postmeta>
			<wp:meta_key>_tour_featured</wp:meta_key>
			<wp:meta_value><![CDATA[1]]></wp:meta_value>
		</wp:postmeta>
		<wp:postmeta>
			<wp:meta_key>_tour_slider</wp:meta_key>
			<wp:meta_value><![CDATA[[sliderpro id="1"]]]></wp:meta_value>
		</wp:postmeta>
		<wp:postmeta>
			<wp:meta_key>_tour_schedule_info</wp:meta_key>
			<wp:meta_value><![CDATA[<div class=" table-responsive">
<table class="table table-striped">
<thead>
<tr>
<th colspan="2">
1st March to 31st October
</th>
</tr>
</thead>
<tbody>
<tr>
<td>
Monday
</td>
<td>
10.00 - 17.30
</td>
</tr>
<tr>
<td>
Tuesday
</td>
<td>
09.00 - 17.30
</td>
</tr>
<tr>
<td>
Wednesday
</td>
<td>
09.00 - 17.30
</td>
</tr>
<tr>
<td>
Thursday
</td>
<td>
<span class="label label-danger">Closed</span>
</td>
</tr>
<tr>
<td>
Friday
</td>
<td>
09.00 - 17.30
</td>
</tr>
<tr>
<td>
Saturday
</td>
<td>
09.00 - 17.30
</td>
</tr>
<tr>
<td>
Sunday
</td>
<td>
10.00 - 17.30
</td>
</tr>
<tr>
<td>
<strong><em>Last Admission</em></strong>
</td>
<td>
<strong>17.00</strong>
</td>
</tr>
</tbody>
</table>
</div>
<div class=" table-responsive">
<table class="table table-striped">
<thead>
<tr>
<th colspan="2">
1st November to 28th February
</th>
</tr>
</thead>
<tbody>
<tr>
<td>
Monday
</td>
<td>
10.00 - 17.30
</td>
</tr>
<tr>
<td>
Tuesday
</td>
<td>
09.00 - 17.30
</td>
</tr>
<tr>
<td>
Wednesday
</td>
<td>
09.00 - 17.30
</td>
</tr>
<tr>
<td>
Thursday
</td>
<td>
<span class="label label-danger">Closed</span>
</td>
</tr>
<tr>
<td>
Friday
</td>
<td>
09.00 - 17.30
</td>
</tr>
<tr>
<td>
Saturday
</td>
<td>
09.00 - 17.30
</td>
</tr>
<tr>
<td>
Sunday
</td>
<td>
10.00 - 17.30
</td>
</tr>
<tr>
<td>
<strong><em>Last Admission</em></strong>
</td>
<td>
<strong>17.00</strong>
</td>
</tr>
</tbody>
</table>
</div>
]]></wp:meta_value>
		</wp:postmeta>
		<wp:postmeta>
			<wp:meta_key>_thumbnail_id</wp:meta_key>
			<wp:meta_value><![CDATA[109]]></wp:meta_value>
		</wp:postmeta>
		<wp:postmeta>
			<wp:meta_key>_review</wp:meta_key>
			<wp:meta_value><![CDATA[0]]></wp:meta_value>
		</wp:postmeta>
		<wp:postmeta>
			<wp:meta_key>_review_detail</wp:meta_key>
			<wp:meta_value><![CDATA[a:0:{}]]></wp:meta_value>
		</wp:postmeta>
		<wp:postmeta>
			<wp:meta_key>_tour_price_child</wp:meta_key>
			<wp:meta_value><![CDATA[10]]></wp:meta_value>
		</wp:postmeta>
		<wp:postmeta>
			<wp:meta_key>_tour_start_date</wp:meta_key>
			<wp:meta_value><![CDATA[2016-03-01]]></wp:meta_value>
		</wp:postmeta>
		<wp:postmeta>
			<wp:meta_key>slide_template</wp:meta_key>
			<wp:meta_value><![CDATA[default]]></wp:meta_value>
		</wp:postmeta>
		<wp:postmeta>
			<wp:meta_key>_tour_available_days</wp:meta_key>
			<wp:meta_value><![CDATA[0]]></wp:meta_value>
		</wp:postmeta>
		<wp:postmeta>
			<wp:meta_key>_tour_available_days</wp:meta_key>
			<wp:meta_value><![CDATA[3]]></wp:meta_value>
		</wp:postmeta>
		<wp:postmeta>
			<wp:meta_key>_tour_available_days</wp:meta_key>
			<wp:meta_value><![CDATA[5]]></wp:meta_value>
		</wp:postmeta>
		<wp:postmeta>
			<wp:meta_key>_tour_available_days</wp:meta_key>
			<wp:meta_value><![CDATA[6]]></wp:meta_value>
		</wp:postmeta>
		<wp:postmeta>
			<wp:meta_key>_tour_end_date</wp:meta_key>
			<wp:meta_value><![CDATA[2016-10-31]]></wp:meta_value>
		</wp:postmeta>
		<wp:postmeta>
			<wp:meta_key>_tour_available_days</wp:meta_key>
			<wp:meta_value><![CDATA[1]]></wp:meta_value>
		</wp:postmeta>
		<wp:postmeta>
			<wp:meta_key>_tour_available_days</wp:meta_key>
			<wp:meta_value><![CDATA[2]]></wp:meta_value>
		</wp:postmeta>
	</item>
	<item>
		<title>NOTREDAME TOUR</title>
		<link>http://www.soaptheme.net/wordpress/citytours/tour/notredame-tour/</link>
		<pubDate>Fri, 02 Oct 2015 10:53:44 +0000</pubDate>
		<dc:creator><![CDATA[admin]]></dc:creator>
		<guid isPermaLink="false">http://www.soaptheme.net/wordpress/citytours/?post_type=tour&#038;p=177</guid>
		<description></description>
		<content:encoded><![CDATA[<h4>Paris in love</h4>
<p>
Lorem ipsum dolor sit amet, at omnes deseruisse pri. Quo aeterno legimus insolens ad. Sit cu detraxit constituam, an mel iudico constituto efficiendi. Eu ponderum mediocrem has, vitae adolescens in pro. Mea liber ridens inermis ei, mei legendos vulputate an, labitur tibique te qui.
</p>
<h4>What's include</h4>
<p>
Lorem ipsum dolor sit amet, at omnes deseruisse pri. Quo aeterno legimus insolens ad. Sit cu detraxit constituam, an mel iudico constituto efficiendi.
</p>
[row]
[one_half]
[checklist]
<ul>
<li>Lorem ipsum dolor sit amet</li>
<li>No scripta electram necessitatibus sit</li>
<li>Quidam percipitur instructior an eum</li>
<li>Ut est saepe munere ceteros</li>
<li>No scripta electram necessitatibus sit</li>
<li>Quidam percipitur instructior an eum</li>
</ul>
[/checklist]
[/one_half]
[one_half]
[checklist]
<ul>
<li>Lorem ipsum dolor sit amet</li>
<li>No scripta electram necessitatibus sit</li>
<li>Quidam percipitur instructior an eum</li>
<li>No scripta electram necessitatibus sit</li>
</ul>
[/checklist]
[/one_half]
[/row]]]></content:encoded>
		<excerpt:encoded><![CDATA[]]></excerpt:encoded>
		<wp:post_id>177</wp:post_id>
		<wp:post_date>2015-10-02 10:53:44</wp:post_date>
		<wp:post_date_gmt>2015-10-02 10:53:44</wp:post_date_gmt>
		<wp:comment_status>closed</wp:comment_status>
		<wp:ping_status>closed</wp:ping_status>
		<wp:post_name>notredame-tour</wp:post_name>
		<wp:status>publish</wp:status>
		<wp:post_parent>0</wp:post_parent>
		<wp:menu_order>0</wp:menu_order>
		<wp:post_type>tour</wp:post_type>
		<wp:post_password></wp:post_password>
		<wp:is_sticky>0</wp:is_sticky>
		<category domain="tour_facility" nicename="access-for-disabled"><![CDATA[Access for disabled]]></category>
		<category domain="tour_facility" nicename="audio-guide"><![CDATA[Audio guide]]></category>
		<category domain="tour_type" nicename="churces"><![CDATA[Churces]]></category>
		<category domain="tour_facility" nicename="groups-allowed"><![CDATA[Groups allowed]]></category>
		<category domain="tour_facility" nicename="pet-allowed"><![CDATA[Pet allowed]]></category>
		<category domain="tour_facility" nicename="tour-guides"><![CDATA[Tour guides]]></category>
		<wp:postmeta>
			<wp:meta_key>_edit_last</wp:meta_key>
			<wp:meta_value><![CDATA[1]]></wp:meta_value>
		</wp:postmeta>
		<wp:postmeta>
			<wp:meta_key>_vc_post_settings</wp:meta_key>
			<wp:meta_value><![CDATA[a:2:{s:7:"vc_grid";a:0:{}s:10:"vc_grid_id";a:0:{}}]]></wp:meta_value>
		</wp:postmeta>
		<wp:postmeta>
			<wp:meta_key>_tour_repeated</wp:meta_key>
			<wp:meta_value><![CDATA[0]]></wp:meta_value>
		</wp:postmeta>
		<wp:postmeta>
			<wp:meta_key>_tour_max_people</wp:meta_key>
			<wp:meta_value><![CDATA[100]]></wp:meta_value>
		</wp:postmeta>
		<wp:postmeta>
			<wp:meta_key>_tour_price</wp:meta_key>
			<wp:meta_value><![CDATA[42]]></wp:meta_value>
		</wp:postmeta>
		<wp:postmeta>
			<wp:meta_key>_tour_charge_child</wp:meta_key>
			<wp:meta_value><![CDATA[1]]></wp:meta_value>
		</wp:postmeta>
		<wp:postmeta>
			<wp:meta_key>_tour_security_deposit</wp:meta_key>
			<wp:meta_value><![CDATA[100]]></wp:meta_value>
		</wp:postmeta>
		<wp:postmeta>
			<wp:meta_key>_tour_address</wp:meta_key>
			<wp:meta_value><![CDATA[5 Avenue Anatole France, 75007 Paris, France]]></wp:meta_value>
		</wp:postmeta>
		<wp:postmeta>
			<wp:meta_key>_tour_loc</wp:meta_key>
			<wp:meta_value><![CDATA[48.85809652263171,2.2843580787597375]]></wp:meta_value>
		</wp:postmeta>
		<wp:postmeta>
			<wp:meta_key>_tour_featured</wp:meta_key>
			<wp:meta_value><![CDATA[1]]></wp:meta_value>
		</wp:postmeta>
		<wp:postmeta>
			<wp:meta_key>_tour_slider</wp:meta_key>
			<wp:meta_value><![CDATA[[sliderpro id="1"]]]></wp:meta_value>
		</wp:postmeta>
		<wp:postmeta>
			<wp:meta_key>_tour_schedule_info</wp:meta_key>
			<wp:meta_value><![CDATA[<div class=" table-responsive">
<table class="table table-striped">
<thead>
<tr>
<th colspan="2">
1st March to 31st October
</th>
</tr>
</thead>
<tbody>
<tr>
<td>
Monday
</td>
<td>
10.00 - 17.30
</td>
</tr>
<tr>
<td>
Tuesday
</td>
<td>
09.00 - 17.30
</td>
</tr>
<tr>
<td>
Wednesday
</td>
<td>
09.00 - 17.30
</td>
</tr>
<tr>
<td>
Thursday
</td>
<td>
<span class="label label-danger">Closed</span>
</td>
</tr>
<tr>
<td>
Friday
</td>
<td>
09.00 - 17.30
</td>
</tr>
<tr>
<td>
Saturday
</td>
<td>
09.00 - 17.30
</td>
</tr>
<tr>
<td>
Sunday
</td>
<td>
10.00 - 17.30
</td>
</tr>
<tr>
<td>
<strong><em>Last Admission</em></strong>
</td>
<td>
<strong>17.00</strong>
</td>
</tr>
</tbody>
</table>
</div>
<div class=" table-responsive">
<table class="table table-striped">
<thead>
<tr>
<th colspan="2">
1st November to 28th February
</th>
</tr>
</thead>
<tbody>
<tr>
<td>
Monday
</td>
<td>
10.00 - 17.30
</td>
</tr>
<tr>
<td>
Tuesday
</td>
<td>
09.00 - 17.30
</td>
</tr>
<tr>
<td>
Wednesday
</td>
<td>
09.00 - 17.30
</td>
</tr>
<tr>
<td>
Thursday
</td>
<td>
<span class="label label-danger">Closed</span>
</td>
</tr>
<tr>
<td>
Friday
</td>
<td>
09.00 - 17.30
</td>
</tr>
<tr>
<td>
Saturday
</td>
<td>
09.00 - 17.30
</td>
</tr>
<tr>
<td>
Sunday
</td>
<td>
10.00 - 17.30
</td>
</tr>
<tr>
<td>
<strong><em>Last Admission</em></strong>
</td>
<td>
<strong>17.00</strong>
</td>
</tr>
</tbody>
</table>
</div>
]]></wp:meta_value>
		</wp:postmeta>
		<wp:postmeta>
			<wp:meta_key>_thumbnail_id</wp:meta_key>
			<wp:meta_value><![CDATA[167]]></wp:meta_value>
		</wp:postmeta>
		<wp:postmeta>
			<wp:meta_key>_review</wp:meta_key>
			<wp:meta_value><![CDATA[3.8]]></wp:meta_value>
		</wp:postmeta>
		<wp:postmeta>
			<wp:meta_key>_review_detail</wp:meta_key>
			<wp:meta_value><![CDATA[a:4:{i:0;d:4;i:1;d:3;i:2;d:4;i:3;d:4;}]]></wp:meta_value>
		</wp:postmeta>
		<wp:postmeta>
			<wp:meta_key>_tour_price_child</wp:meta_key>
			<wp:meta_value><![CDATA[10]]></wp:meta_value>
		</wp:postmeta>
		<wp:postmeta>
			<wp:meta_key>_dp_original</wp:meta_key>
			<wp:meta_value><![CDATA[170]]></wp:meta_value>
		</wp:postmeta>
		<wp:postmeta>
			<wp:meta_key>slide_template</wp:meta_key>
			<wp:meta_value><![CDATA[default]]></wp:meta_value>
		</wp:postmeta>
		<wp:postmeta>
			<wp:meta_key>_tour_date</wp:meta_key>
			<wp:meta_value><![CDATA[2016-01-21]]></wp:meta_value>
		</wp:postmeta>
	</item>
	<item>
		<title>VERSAILLES TOUR</title>
		<link>http://www.soaptheme.net/wordpress/citytours/tour/versailles-tour/</link>
		<pubDate>Fri, 02 Oct 2015 10:55:17 +0000</pubDate>
		<dc:creator><![CDATA[admin]]></dc:creator>
		<guid isPermaLink="false">http://www.soaptheme.net/wordpress/citytours/?post_type=tour&#038;p=178</guid>
		<description></description>
		<content:encoded><![CDATA[<h4>Paris in love</h4>
<p>
Lorem ipsum dolor sit amet, at omnes deseruisse pri. Quo aeterno legimus insolens ad. Sit cu detraxit constituam, an mel iudico constituto efficiendi. Eu ponderum mediocrem has, vitae adolescens in pro. Mea liber ridens inermis ei, mei legendos vulputate an, labitur tibique te qui.
</p>
<h4>What's include</h4>
<p>
Lorem ipsum dolor sit amet, at omnes deseruisse pri. Quo aeterno legimus insolens ad. Sit cu detraxit constituam, an mel iudico constituto efficiendi.
</p>
[row]
[one_half]
[checklist]
<ul>
<li>Lorem ipsum dolor sit amet</li>
<li>No scripta electram necessitatibus sit</li>
<li>Quidam percipitur instructior an eum</li>
<li>Ut est saepe munere ceteros</li>
<li>No scripta electram necessitatibus sit</li>
<li>Quidam percipitur instructior an eum</li>
</ul>
[/checklist]
[/one_half]
[one_half]
[checklist]
<ul>
<li>Lorem ipsum dolor sit amet</li>
<li>No scripta electram necessitatibus sit</li>
<li>Quidam percipitur instructior an eum</li>
<li>No scripta electram necessitatibus sit</li>
</ul>
[/checklist]
[/one_half]
[/row]]]></content:encoded>
		<excerpt:encoded><![CDATA[]]></excerpt:encoded>
		<wp:post_id>178</wp:post_id>
		<wp:post_date>2015-10-02 10:55:17</wp:post_date>
		<wp:post_date_gmt>2015-10-02 10:55:17</wp:post_date_gmt>
		<wp:comment_status>closed</wp:comment_status>
		<wp:ping_status>closed</wp:ping_status>
		<wp:post_name>versailles-tour</wp:post_name>
		<wp:status>publish</wp:status>
		<wp:post_parent>0</wp:post_parent>
		<wp:menu_order>0</wp:menu_order>
		<wp:post_type>tour</wp:post_type>
		<wp:post_password></wp:post_password>
		<wp:is_sticky>0</wp:is_sticky>
		<category domain="tour_facility" nicename="access-for-disabled"><![CDATA[Access for disabled]]></category>
		<category domain="tour_facility" nicename="audio-guide"><![CDATA[Audio guide]]></category>
		<category domain="tour_facility" nicename="groups-allowed"><![CDATA[Groups allowed]]></category>
		<category domain="tour_type" nicename="historic-buildings"><![CDATA[Historic Buildings]]></category>
		<category domain="tour_facility" nicename="pet-allowed"><![CDATA[Pet allowed]]></category>
		<category domain="tour_facility" nicename="tour-guides"><![CDATA[Tour guides]]></category>
		<wp:postmeta>
			<wp:meta_key>_edit_last</wp:meta_key>
			<wp:meta_value><![CDATA[1]]></wp:meta_value>
		</wp:postmeta>
		<wp:postmeta>
			<wp:meta_key>_vc_post_settings</wp:meta_key>
			<wp:meta_value><![CDATA[a:2:{s:7:"vc_grid";a:0:{}s:10:"vc_grid_id";a:0:{}}]]></wp:meta_value>
		</wp:postmeta>
		<wp:postmeta>
			<wp:meta_key>_tour_repeated</wp:meta_key>
			<wp:meta_value><![CDATA[1]]></wp:meta_value>
		</wp:postmeta>
		<wp:postmeta>
			<wp:meta_key>_tour_max_people</wp:meta_key>
			<wp:meta_value><![CDATA[100]]></wp:meta_value>
		</wp:postmeta>
		<wp:postmeta>
			<wp:meta_key>_tour_price</wp:meta_key>
			<wp:meta_value><![CDATA[39]]></wp:meta_value>
		</wp:postmeta>
		<wp:postmeta>
			<wp:meta_key>_tour_charge_child</wp:meta_key>
			<wp:meta_value><![CDATA[1]]></wp:meta_value>
		</wp:postmeta>
		<wp:postmeta>
			<wp:meta_key>_tour_security_deposit</wp:meta_key>
			<wp:meta_value><![CDATA[100]]></wp:meta_value>
		</wp:postmeta>
		<wp:postmeta>
			<wp:meta_key>_tour_address</wp:meta_key>
			<wp:meta_value><![CDATA[5 Avenue Anatole France, 75007 Paris, France]]></wp:meta_value>
		</wp:postmeta>
		<wp:postmeta>
			<wp:meta_key>_tour_loc</wp:meta_key>
			<wp:meta_value><![CDATA[48.85617649703862,2.3163729255614953]]></wp:meta_value>
		</wp:postmeta>
		<wp:postmeta>
			<wp:meta_key>_tour_featured</wp:meta_key>
			<wp:meta_value><![CDATA[1]]></wp:meta_value>
		</wp:postmeta>
		<wp:postmeta>
			<wp:meta_key>_tour_slider</wp:meta_key>
			<wp:meta_value><![CDATA[[sliderpro id="1"]]]></wp:meta_value>
		</wp:postmeta>
		<wp:postmeta>
			<wp:meta_key>_tour_schedule_info</wp:meta_key>
			<wp:meta_value><![CDATA[<div class=" table-responsive">
<table class="table table-striped">
<thead>
<tr>
<th colspan="2">
1st March to 31st October
</th>
</tr>
</thead>
<tbody>
<tr>
<td>
Monday
</td>
<td>
10.00 - 17.30
</td>
</tr>
<tr>
<td>
Tuesday
</td>
<td>
09.00 - 17.30
</td>
</tr>
<tr>
<td>
Wednesday
</td>
<td>
09.00 - 17.30
</td>
</tr>
<tr>
<td>
Thursday
</td>
<td>
<span class="label label-danger">Closed</span>
</td>
</tr>
<tr>
<td>
Friday
</td>
<td>
09.00 - 17.30
</td>
</tr>
<tr>
<td>
Saturday
</td>
<td>
09.00 - 17.30
</td>
</tr>
<tr>
<td>
Sunday
</td>
<td>
10.00 - 17.30
</td>
</tr>
<tr>
<td>
<strong><em>Last Admission</em></strong>
</td>
<td>
<strong>17.00</strong>
</td>
</tr>
</tbody>
</table>
</div>
<div class=" table-responsive">
<table class="table table-striped">
<thead>
<tr>
<th colspan="2">
1st November to 28th February
</th>
</tr>
</thead>
<tbody>
<tr>
<td>
Monday
</td>
<td>
10.00 - 17.30
</td>
</tr>
<tr>
<td>
Tuesday
</td>
<td>
09.00 - 17.30
</td>
</tr>
<tr>
<td>
Wednesday
</td>
<td>
09.00 - 17.30
</td>
</tr>
<tr>
<td>
Thursday
</td>
<td>
<span class="label label-danger">Closed</span>
</td>
</tr>
<tr>
<td>
Friday
</td>
<td>
09.00 - 17.30
</td>
</tr>
<tr>
<td>
Saturday
</td>
<td>
09.00 - 17.30
</td>
</tr>
<tr>
<td>
Sunday
</td>
<td>
10.00 - 17.30
</td>
</tr>
<tr>
<td>
<strong><em>Last Admission</em></strong>
</td>
<td>
<strong>17.00</strong>
</td>
</tr>
</tbody>
</table>
</div>
]]></wp:meta_value>
		</wp:postmeta>
		<wp:postmeta>
			<wp:meta_key>_thumbnail_id</wp:meta_key>
			<wp:meta_value><![CDATA[102]]></wp:meta_value>
		</wp:postmeta>
		<wp:postmeta>
			<wp:meta_key>_review</wp:meta_key>
			<wp:meta_value><![CDATA[3.8]]></wp:meta_value>
		</wp:postmeta>
		<wp:postmeta>
			<wp:meta_key>_review_detail</wp:meta_key>
			<wp:meta_value><![CDATA[a:4:{i:0;d:4;i:1;d:3;i:2;d:4;i:3;d:4;}]]></wp:meta_value>
		</wp:postmeta>
		<wp:postmeta>
			<wp:meta_key>_tour_price_child</wp:meta_key>
			<wp:meta_value><![CDATA[10]]></wp:meta_value>
		</wp:postmeta>
		<wp:postmeta>
			<wp:meta_key>_dp_original</wp:meta_key>
			<wp:meta_value><![CDATA[170]]></wp:meta_value>
		</wp:postmeta>
	</item>
	<item>
		<title>POMPIDUE TOUR</title>
		<link>http://www.soaptheme.net/wordpress/citytours/tour/pompidue-tour/</link>
		<pubDate>Fri, 02 Oct 2015 10:57:22 +0000</pubDate>
		<dc:creator><![CDATA[admin]]></dc:creator>
		<guid isPermaLink="false">http://www.soaptheme.net/wordpress/citytours/?post_type=tour&#038;p=179</guid>
		<description></description>
		<content:encoded><![CDATA[<h4>Paris in love</h4>
<p>
Lorem ipsum dolor sit amet, at omnes deseruisse pri. Quo aeterno legimus insolens ad. Sit cu detraxit constituam, an mel iudico constituto efficiendi. Eu ponderum mediocrem has, vitae adolescens in pro. Mea liber ridens inermis ei, mei legendos vulputate an, labitur tibique te qui.
</p>
<h4>What's include</h4>
<p>
Lorem ipsum dolor sit amet, at omnes deseruisse pri. Quo aeterno legimus insolens ad. Sit cu detraxit constituam, an mel iudico constituto efficiendi.
</p>
[row]
[one_half]
[checklist]
<ul>
<li>Lorem ipsum dolor sit amet</li>
<li>No scripta electram necessitatibus sit</li>
<li>Quidam percipitur instructior an eum</li>
<li>Ut est saepe munere ceteros</li>
<li>No scripta electram necessitatibus sit</li>
<li>Quidam percipitur instructior an eum</li>
</ul>
[/checklist]
[/one_half]
[one_half]
[checklist]
<ul>
<li>Lorem ipsum dolor sit amet</li>
<li>No scripta electram necessitatibus sit</li>
<li>Quidam percipitur instructior an eum</li>
<li>No scripta electram necessitatibus sit</li>
</ul>
[/checklist]
[/one_half]
[/row]]]></content:encoded>
		<excerpt:encoded><![CDATA[]]></excerpt:encoded>
		<wp:post_id>179</wp:post_id>
		<wp:post_date>2015-10-02 10:57:22</wp:post_date>
		<wp:post_date_gmt>2015-10-02 10:57:22</wp:post_date_gmt>
		<wp:comment_status>closed</wp:comment_status>
		<wp:ping_status>closed</wp:ping_status>
		<wp:post_name>pompidue-tour</wp:post_name>
		<wp:status>publish</wp:status>
		<wp:post_parent>0</wp:post_parent>
		<wp:menu_order>0</wp:menu_order>
		<wp:post_type>tour</wp:post_type>
		<wp:post_password></wp:post_password>
		<wp:is_sticky>0</wp:is_sticky>
		<category domain="tour_facility" nicename="access-for-disabled"><![CDATA[Access for disabled]]></category>
		<category domain="tour_facility" nicename="audio-guide"><![CDATA[Audio guide]]></category>
		<category domain="tour_type" nicename="city-sightseeing"><![CDATA[City sightseeing]]></category>
		<category domain="tour_facility" nicename="groups-allowed"><![CDATA[Groups allowed]]></category>
		<category domain="tour_facility" nicename="pet-allowed"><![CDATA[Pet allowed]]></category>
		<category domain="tour_facility" nicename="tour-guides"><![CDATA[Tour guides]]></category>
		<wp:postmeta>
			<wp:meta_key>_edit_last</wp:meta_key>
			<wp:meta_value><![CDATA[1]]></wp:meta_value>
		</wp:postmeta>
		<wp:postmeta>
			<wp:meta_key>_vc_post_settings</wp:meta_key>
			<wp:meta_value><![CDATA[a:2:{s:7:"vc_grid";a:0:{}s:10:"vc_grid_id";a:0:{}}]]></wp:meta_value>
		</wp:postmeta>
		<wp:postmeta>
			<wp:meta_key>_tour_repeated</wp:meta_key>
			<wp:meta_value><![CDATA[1]]></wp:meta_value>
		</wp:postmeta>
		<wp:postmeta>
			<wp:meta_key>_tour_max_people</wp:meta_key>
			<wp:meta_value><![CDATA[69]]></wp:meta_value>
		</wp:postmeta>
		<wp:postmeta>
			<wp:meta_key>_tour_price</wp:meta_key>
			<wp:meta_value><![CDATA[52]]></wp:meta_value>
		</wp:postmeta>
		<wp:postmeta>
			<wp:meta_key>_tour_charge_child</wp:meta_key>
			<wp:meta_value><![CDATA[1]]></wp:meta_value>
		</wp:postmeta>
		<wp:postmeta>
			<wp:meta_key>_tour_security_deposit</wp:meta_key>
			<wp:meta_value><![CDATA[100]]></wp:meta_value>
		</wp:postmeta>
		<wp:postmeta>
			<wp:meta_key>_tour_address</wp:meta_key>
			<wp:meta_value><![CDATA[5 Avenue Anatole France, 75007 Paris, France]]></wp:meta_value>
		</wp:postmeta>
		<wp:postmeta>
			<wp:meta_key>_tour_loc</wp:meta_key>
			<wp:meta_value><![CDATA[48.85323984485921,2.291138703149386]]></wp:meta_value>
		</wp:postmeta>
		<wp:postmeta>
			<wp:meta_key>_tour_featured</wp:meta_key>
			<wp:meta_value><![CDATA[1]]></wp:meta_value>
		</wp:postmeta>
		<wp:postmeta>
			<wp:meta_key>_tour_slider</wp:meta_key>
			<wp:meta_value><![CDATA[[sliderpro id="1"]]]></wp:meta_value>
		</wp:postmeta>
		<wp:postmeta>
			<wp:meta_key>_tour_schedule_info</wp:meta_key>
			<wp:meta_value><![CDATA[<div class=" table-responsive">
<table class="table table-striped">
<thead>
<tr>
<th colspan="2">
1st March to 31st October
</th>
</tr>
</thead>
<tbody>
<tr>
<td>
Monday
</td>
<td>
10.00 - 17.30
</td>
</tr>
<tr>
<td>
Tuesday
</td>
<td>
09.00 - 17.30
</td>
</tr>
<tr>
<td>
Wednesday
</td>
<td>
09.00 - 17.30
</td>
</tr>
<tr>
<td>
Thursday
</td>
<td>
<span class="label label-danger">Closed</span>
</td>
</tr>
<tr>
<td>
Friday
</td>
<td>
09.00 - 17.30
</td>
</tr>
<tr>
<td>
Saturday
</td>
<td>
09.00 - 17.30
</td>
</tr>
<tr>
<td>
Sunday
</td>
<td>
10.00 - 17.30
</td>
</tr>
<tr>
<td>
<strong><em>Last Admission</em></strong>
</td>
<td>
<strong>17.00</strong>
</td>
</tr>
</tbody>
</table>
</div>
<div class=" table-responsive">
<table class="table table-striped">
<thead>
<tr>
<th colspan="2">
1st November to 28th February
</th>
</tr>
</thead>
<tbody>
<tr>
<td>
Monday
</td>
<td>
10.00 - 17.30
</td>
</tr>
<tr>
<td>
Tuesday
</td>
<td>
09.00 - 17.30
</td>
</tr>
<tr>
<td>
Wednesday
</td>
<td>
09.00 - 17.30
</td>
</tr>
<tr>
<td>
Thursday
</td>
<td>
<span class="label label-danger">Closed</span>
</td>
</tr>
<tr>
<td>
Friday
</td>
<td>
09.00 - 17.30
</td>
</tr>
<tr>
<td>
Saturday
</td>
<td>
09.00 - 17.30
</td>
</tr>
<tr>
<td>
Sunday
</td>
<td>
10.00 - 17.30
</td>
</tr>
<tr>
<td>
<strong><em>Last Admission</em></strong>
</td>
<td>
<strong>17.00</strong>
</td>
</tr>
</tbody>
</table>
</div>
]]></wp:meta_value>
		</wp:postmeta>
		<wp:postmeta>
			<wp:meta_key>_thumbnail_id</wp:meta_key>
			<wp:meta_value><![CDATA[103]]></wp:meta_value>
		</wp:postmeta>
		<wp:postmeta>
			<wp:meta_key>_review</wp:meta_key>
			<wp:meta_value><![CDATA[3.8]]></wp:meta_value>
		</wp:postmeta>
		<wp:postmeta>
			<wp:meta_key>_review_detail</wp:meta_key>
			<wp:meta_value><![CDATA[a:4:{i:0;d:4;i:1;d:3;i:2;d:4;i:3;d:4;}]]></wp:meta_value>
		</wp:postmeta>
		<wp:postmeta>
			<wp:meta_key>_tour_price_child</wp:meta_key>
			<wp:meta_value><![CDATA[10]]></wp:meta_value>
		</wp:postmeta>
		<wp:postmeta>
			<wp:meta_key>_dp_original</wp:meta_key>
			<wp:meta_value><![CDATA[170]]></wp:meta_value>
		</wp:postmeta>
	</item>
	<item>
		<title>TOUR EIFFEL TOUR</title>
		<link>http://www.soaptheme.net/wordpress/citytours/tour/tour-eiffel-tour/</link>
		<pubDate>Fri, 02 Oct 2015 10:58:19 +0000</pubDate>
		<dc:creator><![CDATA[admin]]></dc:creator>
		<guid isPermaLink="false">http://www.soaptheme.net/wordpress/citytours/?post_type=tour&#038;p=180</guid>
		<description></description>
		<content:encoded><![CDATA[<h4>Paris in love</h4>
<p>
Lorem ipsum dolor sit amet, at omnes deseruisse pri. Quo aeterno legimus insolens ad. Sit cu detraxit constituam, an mel iudico constituto efficiendi. Eu ponderum mediocrem has, vitae adolescens in pro. Mea liber ridens inermis ei, mei legendos vulputate an, labitur tibique te qui.
</p>
<h4>What's include</h4>
<p>
Lorem ipsum dolor sit amet, at omnes deseruisse pri. Quo aeterno legimus insolens ad. Sit cu detraxit constituam, an mel iudico constituto efficiendi.
</p>
[row]
[one_half]
[checklist]
<ul>
<li>Lorem ipsum dolor sit amet</li>
<li>No scripta electram necessitatibus sit</li>
<li>Quidam percipitur instructior an eum</li>
<li>Ut est saepe munere ceteros</li>
<li>No scripta electram necessitatibus sit</li>
<li>Quidam percipitur instructior an eum</li>
</ul>
[/checklist]
[/one_half]
[one_half]
[checklist]
<ul>
<li>Lorem ipsum dolor sit amet</li>
<li>No scripta electram necessitatibus sit</li>
<li>Quidam percipitur instructior an eum</li>
<li>No scripta electram necessitatibus sit</li>
</ul>
[/checklist]
[/one_half]
[/row]]]></content:encoded>
		<excerpt:encoded><![CDATA[]]></excerpt:encoded>
		<wp:post_id>180</wp:post_id>
		<wp:post_date>2015-10-02 10:58:19</wp:post_date>
		<wp:post_date_gmt>2015-10-02 10:58:19</wp:post_date_gmt>
		<wp:comment_status>closed</wp:comment_status>
		<wp:ping_status>closed</wp:ping_status>
		<wp:post_name>tour-eiffel-tour</wp:post_name>
		<wp:status>publish</wp:status>
		<wp:post_parent>0</wp:post_parent>
		<wp:menu_order>0</wp:menu_order>
		<wp:post_type>tour</wp:post_type>
		<wp:post_password></wp:post_password>
		<wp:is_sticky>0</wp:is_sticky>
		<category domain="tour_facility" nicename="access-for-disabled"><![CDATA[Access for disabled]]></category>
		<category domain="tour_facility" nicename="audio-guide"><![CDATA[Audio guide]]></category>
		<category domain="tour_type" nicename="city-sightseeing"><![CDATA[City sightseeing]]></category>
		<category domain="tour_facility" nicename="groups-allowed"><![CDATA[Groups allowed]]></category>
		<category domain="tour_facility" nicename="pet-allowed"><![CDATA[Pet allowed]]></category>
		<category domain="tour_facility" nicename="tour-guides"><![CDATA[Tour guides]]></category>
		<wp:postmeta>
			<wp:meta_key>_edit_last</wp:meta_key>
			<wp:meta_value><![CDATA[1]]></wp:meta_value>
		</wp:postmeta>
		<wp:postmeta>
			<wp:meta_key>_vc_post_settings</wp:meta_key>
			<wp:meta_value><![CDATA[a:2:{s:7:"vc_grid";a:0:{}s:10:"vc_grid_id";a:0:{}}]]></wp:meta_value>
		</wp:postmeta>
		<wp:postmeta>
			<wp:meta_key>_tour_repeated</wp:meta_key>
			<wp:meta_value><![CDATA[1]]></wp:meta_value>
		</wp:postmeta>
		<wp:postmeta>
			<wp:meta_key>_tour_max_people</wp:meta_key>
			<wp:meta_value><![CDATA[100]]></wp:meta_value>
		</wp:postmeta>
		<wp:postmeta>
			<wp:meta_key>_tour_price</wp:meta_key>
			<wp:meta_value><![CDATA[49]]></wp:meta_value>
		</wp:postmeta>
		<wp:postmeta>
			<wp:meta_key>_tour_charge_child</wp:meta_key>
			<wp:meta_value><![CDATA[1]]></wp:meta_value>
		</wp:postmeta>
		<wp:postmeta>
			<wp:meta_key>_tour_security_deposit</wp:meta_key>
			<wp:meta_value><![CDATA[100]]></wp:meta_value>
		</wp:postmeta>
		<wp:postmeta>
			<wp:meta_key>_tour_address</wp:meta_key>
			<wp:meta_value><![CDATA[5 Avenue Anatole France, 75007 Paris, France]]></wp:meta_value>
		</wp:postmeta>
		<wp:postmeta>
			<wp:meta_key>_tour_loc</wp:meta_key>
			<wp:meta_value><![CDATA[48.8586047523733,2.294056946557589]]></wp:meta_value>
		</wp:postmeta>
		<wp:postmeta>
			<wp:meta_key>_tour_featured</wp:meta_key>
			<wp:meta_value><![CDATA[1]]></wp:meta_value>
		</wp:postmeta>
		<wp:postmeta>
			<wp:meta_key>_tour_slider</wp:meta_key>
			<wp:meta_value><![CDATA[[sliderpro id="1"]]]></wp:meta_value>
		</wp:postmeta>
		<wp:postmeta>
			<wp:meta_key>_tour_schedule_info</wp:meta_key>
			<wp:meta_value><![CDATA[<div class=" table-responsive">
<table class="table table-striped">
<thead>
<tr>
<th colspan="2">
1st March to 31st October
</th>
</tr>
</thead>
<tbody>
<tr>
<td>
Monday
</td>
<td>
10.00 - 17.30
</td>
</tr>
<tr>
<td>
Tuesday
</td>
<td>
09.00 - 17.30
</td>
</tr>
<tr>
<td>
Wednesday
</td>
<td>
09.00 - 17.30
</td>
</tr>
<tr>
<td>
Thursday
</td>
<td>
<span class="label label-danger">Closed</span>
</td>
</tr>
<tr>
<td>
Friday
</td>
<td>
09.00 - 17.30
</td>
</tr>
<tr>
<td>
Saturday
</td>
<td>
09.00 - 17.30
</td>
</tr>
<tr>
<td>
Sunday
</td>
<td>
10.00 - 17.30
</td>
</tr>
<tr>
<td>
<strong><em>Last Admission</em></strong>
</td>
<td>
<strong>17.00</strong>
</td>
</tr>
</tbody>
</table>
</div>
<div class=" table-responsive">
<table class="table table-striped">
<thead>
<tr>
<th colspan="2">
1st November to 28th February
</th>
</tr>
</thead>
<tbody>
<tr>
<td>
Monday
</td>
<td>
10.00 - 17.30
</td>
</tr>
<tr>
<td>
Tuesday
</td>
<td>
09.00 - 17.30
</td>
</tr>
<tr>
<td>
Wednesday
</td>
<td>
09.00 - 17.30
</td>
</tr>
<tr>
<td>
Thursday
</td>
<td>
<span class="label label-danger">Closed</span>
</td>
</tr>
<tr>
<td>
Friday
</td>
<td>
09.00 - 17.30
</td>
</tr>
<tr>
<td>
Saturday
</td>
<td>
09.00 - 17.30
</td>
</tr>
<tr>
<td>
Sunday
</td>
<td>
10.00 - 17.30
</td>
</tr>
<tr>
<td>
<strong><em>Last Admission</em></strong>
</td>
<td>
<strong>17.00</strong>
</td>
</tr>
</tbody>
</table>
</div>
]]></wp:meta_value>
		</wp:postmeta>
		<wp:postmeta>
			<wp:meta_key>_thumbnail_id</wp:meta_key>
			<wp:meta_value><![CDATA[101]]></wp:meta_value>
		</wp:postmeta>
		<wp:postmeta>
			<wp:meta_key>_review</wp:meta_key>
			<wp:meta_value><![CDATA[3.8]]></wp:meta_value>
		</wp:postmeta>
		<wp:postmeta>
			<wp:meta_key>_review_detail</wp:meta_key>
			<wp:meta_value><![CDATA[a:4:{i:0;d:4;i:1;d:3;i:2;d:4;i:3;d:4;}]]></wp:meta_value>
		</wp:postmeta>
		<wp:postmeta>
			<wp:meta_key>_tour_price_child</wp:meta_key>
			<wp:meta_value><![CDATA[10]]></wp:meta_value>
		</wp:postmeta>
		<wp:postmeta>
			<wp:meta_key>_dp_original</wp:meta_key>
			<wp:meta_value><![CDATA[170]]></wp:meta_value>
		</wp:postmeta>
	</item>
	<item>
		<title>PANTHEON TOUR</title>
		<link>http://www.soaptheme.net/wordpress/citytours/tour/pantheon-tour/</link>
		<pubDate>Fri, 02 Oct 2015 10:59:13 +0000</pubDate>
		<dc:creator><![CDATA[admin]]></dc:creator>
		<guid isPermaLink="false">http://www.soaptheme.net/wordpress/citytours/?post_type=tour&#038;p=182</guid>
		<description></description>
		<content:encoded><![CDATA[<h4>Paris in love</h4>
<p>
Lorem ipsum dolor sit amet, at omnes deseruisse pri. Quo aeterno legimus insolens ad. Sit cu detraxit constituam, an mel iudico constituto efficiendi. Eu ponderum mediocrem has, vitae adolescens in pro. Mea liber ridens inermis ei, mei legendos vulputate an, labitur tibique te qui.
</p>
<h4>What's include</h4>
<p>
Lorem ipsum dolor sit amet, at omnes deseruisse pri. Quo aeterno legimus insolens ad. Sit cu detraxit constituam, an mel iudico constituto efficiendi.
</p>
[row]
[one_half]
[checklist]
<ul>
<li>Lorem ipsum dolor sit amet</li>
<li>No scripta electram necessitatibus sit</li>
<li>Quidam percipitur instructior an eum</li>
<li>Ut est saepe munere ceteros</li>
<li>No scripta electram necessitatibus sit</li>
<li>Quidam percipitur instructior an eum</li>
</ul>
[/checklist]
[/one_half]
[one_half]
[checklist]
<ul>
<li>Lorem ipsum dolor sit amet</li>
<li>No scripta electram necessitatibus sit</li>
<li>Quidam percipitur instructior an eum</li>
<li>No scripta electram necessitatibus sit</li>
</ul>
[/checklist]
[/one_half]
[/row]]]></content:encoded>
		<excerpt:encoded><![CDATA[]]></excerpt:encoded>
		<wp:post_id>182</wp:post_id>
		<wp:post_date>2015-10-02 10:59:13</wp:post_date>
		<wp:post_date_gmt>2015-10-02 10:59:13</wp:post_date_gmt>
		<wp:comment_status>closed</wp:comment_status>
		<wp:ping_status>closed</wp:ping_status>
		<wp:post_name>pantheon-tour</wp:post_name>
		<wp:status>publish</wp:status>
		<wp:post_parent>0</wp:post_parent>
		<wp:menu_order>0</wp:menu_order>
		<wp:post_type>tour</wp:post_type>
		<wp:post_password></wp:post_password>
		<wp:is_sticky>0</wp:is_sticky>
		<category domain="tour_facility" nicename="access-for-disabled"><![CDATA[Access for disabled]]></category>
		<category domain="tour_facility" nicename="audio-guide"><![CDATA[Audio guide]]></category>
		<category domain="tour_facility" nicename="groups-allowed"><![CDATA[Groups allowed]]></category>
		<category domain="tour_type" nicename="museum-tours"><![CDATA[Museum tours]]></category>
		<category domain="tour_facility" nicename="pet-allowed"><![CDATA[Pet allowed]]></category>
		<category domain="tour_facility" nicename="tour-guides"><![CDATA[Tour guides]]></category>
		<wp:postmeta>
			<wp:meta_key>_edit_last</wp:meta_key>
			<wp:meta_value><![CDATA[1]]></wp:meta_value>
		</wp:postmeta>
		<wp:postmeta>
			<wp:meta_key>_vc_post_settings</wp:meta_key>
			<wp:meta_value><![CDATA[a:2:{s:7:"vc_grid";a:0:{}s:10:"vc_grid_id";a:0:{}}]]></wp:meta_value>
		</wp:postmeta>
		<wp:postmeta>
			<wp:meta_key>_tour_repeated</wp:meta_key>
			<wp:meta_value><![CDATA[0]]></wp:meta_value>
		</wp:postmeta>
		<wp:postmeta>
			<wp:meta_key>_tour_max_people</wp:meta_key>
			<wp:meta_value><![CDATA[100]]></wp:meta_value>
		</wp:postmeta>
		<wp:postmeta>
			<wp:meta_key>_tour_price</wp:meta_key>
			<wp:meta_value><![CDATA[49]]></wp:meta_value>
		</wp:postmeta>
		<wp:postmeta>
			<wp:meta_key>_tour_charge_child</wp:meta_key>
			<wp:meta_value><![CDATA[1]]></wp:meta_value>
		</wp:postmeta>
		<wp:postmeta>
			<wp:meta_key>_tour_security_deposit</wp:meta_key>
			<wp:meta_value><![CDATA[100]]></wp:meta_value>
		</wp:postmeta>
		<wp:postmeta>
			<wp:meta_key>_tour_address</wp:meta_key>
			<wp:meta_value><![CDATA[5 Avenue Anatole France, 75007 Paris, France]]></wp:meta_value>
		</wp:postmeta>
		<wp:postmeta>
			<wp:meta_key>_tour_loc</wp:meta_key>
			<wp:meta_value><![CDATA[48.86052468482795,2.2984343116698938]]></wp:meta_value>
		</wp:postmeta>
		<wp:postmeta>
			<wp:meta_key>_tour_featured</wp:meta_key>
			<wp:meta_value><![CDATA[1]]></wp:meta_value>
		</wp:postmeta>
		<wp:postmeta>
			<wp:meta_key>_tour_slider</wp:meta_key>
			<wp:meta_value><![CDATA[[sliderpro id="1"]]]></wp:meta_value>
		</wp:postmeta>
		<wp:postmeta>
			<wp:meta_key>_tour_schedule_info</wp:meta_key>
			<wp:meta_value><![CDATA[<div class=" table-responsive">
<table class="table table-striped">
<thead>
<tr>
<th colspan="2">
1st March to 31st October
</th>
</tr>
</thead>
<tbody>
<tr>
<td>
Monday
</td>
<td>
10.00 - 17.30
</td>
</tr>
<tr>
<td>
Tuesday
</td>
<td>
09.00 - 17.30
</td>
</tr>
<tr>
<td>
Wednesday
</td>
<td>
09.00 - 17.30
</td>
</tr>
<tr>
<td>
Thursday
</td>
<td>
<span class="label label-danger">Closed</span>
</td>
</tr>
<tr>
<td>
Friday
</td>
<td>
09.00 - 17.30
</td>
</tr>
<tr>
<td>
Saturday
</td>
<td>
09.00 - 17.30
</td>
</tr>
<tr>
<td>
Sunday
</td>
<td>
10.00 - 17.30
</td>
</tr>
<tr>
<td>
<strong><em>Last Admission</em></strong>
</td>
<td>
<strong>17.00</strong>
</td>
</tr>
</tbody>
</table>
</div>
<div class=" table-responsive">
<table class="table table-striped">
<thead>
<tr>
<th colspan="2">
1st November to 28th February
</th>
</tr>
</thead>
<tbody>
<tr>
<td>
Monday
</td>
<td>
10.00 - 17.30
</td>
</tr>
<tr>
<td>
Tuesday
</td>
<td>
09.00 - 17.30
</td>
</tr>
<tr>
<td>
Wednesday
</td>
<td>
09.00 - 17.30
</td>
</tr>
<tr>
<td>
Thursday
</td>
<td>
<span class="label label-danger">Closed</span>
</td>
</tr>
<tr>
<td>
Friday
</td>
<td>
09.00 - 17.30
</td>
</tr>
<tr>
<td>
Saturday
</td>
<td>
09.00 - 17.30
</td>
</tr>
<tr>
<td>
Sunday
</td>
<td>
10.00 - 17.30
</td>
</tr>
<tr>
<td>
<strong><em>Last Admission</em></strong>
</td>
<td>
<strong>17.00</strong>
</td>
</tr>
</tbody>
</table>
</div>
]]></wp:meta_value>
		</wp:postmeta>
		<wp:postmeta>
			<wp:meta_key>_thumbnail_id</wp:meta_key>
			<wp:meta_value><![CDATA[99]]></wp:meta_value>
		</wp:postmeta>
		<wp:postmeta>
			<wp:meta_key>_review</wp:meta_key>
			<wp:meta_value><![CDATA[3.8]]></wp:meta_value>
		</wp:postmeta>
		<wp:postmeta>
			<wp:meta_key>_review_detail</wp:meta_key>
			<wp:meta_value><![CDATA[a:4:{i:0;d:4;i:1;d:3;i:2;d:4;i:3;d:4;}]]></wp:meta_value>
		</wp:postmeta>
		<wp:postmeta>
			<wp:meta_key>_tour_price_child</wp:meta_key>
			<wp:meta_value><![CDATA[10]]></wp:meta_value>
		</wp:postmeta>
		<wp:postmeta>
			<wp:meta_key>_dp_original</wp:meta_key>
			<wp:meta_value><![CDATA[170]]></wp:meta_value>
		</wp:postmeta>
	</item>
	<item>
		<title>OPEN BUS TOUR</title>
		<link>http://www.soaptheme.net/wordpress/citytours/tour/open-bus-tour/</link>
		<pubDate>Mon, 05 Oct 2015 03:41:40 +0000</pubDate>
		<dc:creator><![CDATA[admin]]></dc:creator>
		<guid isPermaLink="false">http://www.soaptheme.net/wordpress/citytours/?post_type=tour&#038;p=213</guid>
		<description></description>
		<content:encoded><![CDATA[<h4>Paris in love</h4>
<p>
Lorem ipsum dolor sit amet, at omnes deseruisse pri. Quo aeterno legimus insolens ad. Sit cu detraxit constituam, an mel iudico constituto efficiendi. Eu ponderum mediocrem has, vitae adolescens in pro. Mea liber ridens inermis ei, mei legendos vulputate an, labitur tibique te qui.
</p>
<h4>What's include</h4>
<p>
Lorem ipsum dolor sit amet, at omnes deseruisse pri. Quo aeterno legimus insolens ad. Sit cu detraxit constituam, an mel iudico constituto efficiendi.
</p>
[row]
[one_half]
[checklist]
<ul>
<li>Lorem ipsum dolor sit amet</li>
<li>No scripta electram necessitatibus sit</li>
<li>Quidam percipitur instructior an eum</li>
<li>Ut est saepe munere ceteros</li>
<li>No scripta electram necessitatibus sit</li>
<li>Quidam percipitur instructior an eum</li>
</ul>
[/checklist]
[/one_half]
[one_half]
[checklist]
<ul>
<li>Lorem ipsum dolor sit amet</li>
<li>No scripta electram necessitatibus sit</li>
<li>Quidam percipitur instructior an eum</li>
<li>No scripta electram necessitatibus sit</li>
</ul>
[/checklist]
[/one_half]
[/row]]]></content:encoded>
		<excerpt:encoded><![CDATA[]]></excerpt:encoded>
		<wp:post_id>213</wp:post_id>
		<wp:post_date>2015-10-05 03:41:40</wp:post_date>
		<wp:post_date_gmt>2015-10-05 03:41:40</wp:post_date_gmt>
		<wp:comment_status>closed</wp:comment_status>
		<wp:ping_status>closed</wp:ping_status>
		<wp:post_name>open-bus-tour</wp:post_name>
		<wp:status>publish</wp:status>
		<wp:post_parent>0</wp:post_parent>
		<wp:menu_order>0</wp:menu_order>
		<wp:post_type>tour</wp:post_type>
		<wp:post_password></wp:post_password>
		<wp:is_sticky>0</wp:is_sticky>
		<category domain="tour_facility" nicename="access-for-disabled"><![CDATA[Access for disabled]]></category>
		<category domain="tour_facility" nicename="audio-guide"><![CDATA[Audio guide]]></category>
		<category domain="tour_facility" nicename="groups-allowed"><![CDATA[Groups allowed]]></category>
		<category domain="tour_type" nicename="museum-tours"><![CDATA[Museum tours]]></category>
		<category domain="tour_facility" nicename="pet-allowed"><![CDATA[Pet allowed]]></category>
		<category domain="tour_facility" nicename="tour-guides"><![CDATA[Tour guides]]></category>
		<wp:postmeta>
			<wp:meta_key>_edit_last</wp:meta_key>
			<wp:meta_value><![CDATA[1]]></wp:meta_value>
		</wp:postmeta>
		<wp:postmeta>
			<wp:meta_key>_vc_post_settings</wp:meta_key>
			<wp:meta_value><![CDATA[a:2:{s:7:"vc_grid";a:0:{}s:10:"vc_grid_id";a:0:{}}]]></wp:meta_value>
		</wp:postmeta>
		<wp:postmeta>
			<wp:meta_key>_tour_repeated</wp:meta_key>
			<wp:meta_value><![CDATA[1]]></wp:meta_value>
		</wp:postmeta>
		<wp:postmeta>
			<wp:meta_key>_tour_max_people</wp:meta_key>
			<wp:meta_value><![CDATA[100]]></wp:meta_value>
		</wp:postmeta>
		<wp:postmeta>
			<wp:meta_key>_tour_price</wp:meta_key>
			<wp:meta_value><![CDATA[62]]></wp:meta_value>
		</wp:postmeta>
		<wp:postmeta>
			<wp:meta_key>_tour_charge_child</wp:meta_key>
			<wp:meta_value><![CDATA[1]]></wp:meta_value>
		</wp:postmeta>
		<wp:postmeta>
			<wp:meta_key>_tour_security_deposit</wp:meta_key>
			<wp:meta_value><![CDATA[100]]></wp:meta_value>
		</wp:postmeta>
		<wp:postmeta>
			<wp:meta_key>_tour_address</wp:meta_key>
			<wp:meta_value><![CDATA[5 Avenue Anatole France, 75007 Paris, France]]></wp:meta_value>
		</wp:postmeta>
		<wp:postmeta>
			<wp:meta_key>_tour_loc</wp:meta_key>
			<wp:meta_value><![CDATA[48.8572494615953,2.3147421424804406]]></wp:meta_value>
		</wp:postmeta>
		<wp:postmeta>
			<wp:meta_key>_tour_featured</wp:meta_key>
			<wp:meta_value><![CDATA[1]]></wp:meta_value>
		</wp:postmeta>
		<wp:postmeta>
			<wp:meta_key>_tour_slider</wp:meta_key>
			<wp:meta_value><![CDATA[[sliderpro id="1"]]]></wp:meta_value>
		</wp:postmeta>
		<wp:postmeta>
			<wp:meta_key>_tour_schedule_info</wp:meta_key>
			<wp:meta_value><![CDATA[<div class=" table-responsive">
<table class="table table-striped">
<thead>
<tr>
<th colspan="2">
1st March to 31st October
</th>
</tr>
</thead>
<tbody>
<tr>
<td>
Monday
</td>
<td>
10.00 - 17.30
</td>
</tr>
<tr>
<td>
Tuesday
</td>
<td>
09.00 - 17.30
</td>
</tr>
<tr>
<td>
Wednesday
</td>
<td>
09.00 - 17.30
</td>
</tr>
<tr>
<td>
Thursday
</td>
<td>
<span class="label label-danger">Closed</span>
</td>
</tr>
<tr>
<td>
Friday
</td>
<td>
09.00 - 17.30
</td>
</tr>
<tr>
<td>
Saturday
</td>
<td>
09.00 - 17.30
</td>
</tr>
<tr>
<td>
Sunday
</td>
<td>
10.00 - 17.30
</td>
</tr>
<tr>
<td>
<strong><em>Last Admission</em></strong>
</td>
<td>
<strong>17.00</strong>
</td>
</tr>
</tbody>
</table>
</div>
<div class=" table-responsive">
<table class="table table-striped">
<thead>
<tr>
<th colspan="2">
1st November to 28th February
</th>
</tr>
</thead>
<tbody>
<tr>
<td>
Monday
</td>
<td>
10.00 - 17.30
</td>
</tr>
<tr>
<td>
Tuesday
</td>
<td>
09.00 - 17.30
</td>
</tr>
<tr>
<td>
Wednesday
</td>
<td>
09.00 - 17.30
</td>
</tr>
<tr>
<td>
Thursday
</td>
<td>
<span class="label label-danger">Closed</span>
</td>
</tr>
<tr>
<td>
Friday
</td>
<td>
09.00 - 17.30
</td>
</tr>
<tr>
<td>
Saturday
</td>
<td>
09.00 - 17.30
</td>
</tr>
<tr>
<td>
Sunday
</td>
<td>
10.00 - 17.30
</td>
</tr>
<tr>
<td>
<strong><em>Last Admission</em></strong>
</td>
<td>
<strong>17.00</strong>
</td>
</tr>
</tbody>
</table>
</div>
]]></wp:meta_value>
		</wp:postmeta>
		<wp:postmeta>
			<wp:meta_key>_thumbnail_id</wp:meta_key>
			<wp:meta_value><![CDATA[281]]></wp:meta_value>
		</wp:postmeta>
		<wp:postmeta>
			<wp:meta_key>_review</wp:meta_key>
			<wp:meta_value><![CDATA[3.8]]></wp:meta_value>
		</wp:postmeta>
		<wp:postmeta>
			<wp:meta_key>_review_detail</wp:meta_key>
			<wp:meta_value><![CDATA[a:4:{i:0;d:4;i:1;d:3;i:2;d:4;i:3;d:4;}]]></wp:meta_value>
		</wp:postmeta>
		<wp:postmeta>
			<wp:meta_key>_tour_price_child</wp:meta_key>
			<wp:meta_value><![CDATA[10]]></wp:meta_value>
		</wp:postmeta>
		<wp:postmeta>
			<wp:meta_key>_dp_original</wp:meta_key>
			<wp:meta_value><![CDATA[170]]></wp:meta_value>
		</wp:postmeta>
		<wp:postmeta>
			<wp:meta_key>slide_template</wp:meta_key>
			<wp:meta_value><![CDATA[default]]></wp:meta_value>
		</wp:postmeta>
	</item>
	<item>
		<title>LOUVRE MUSEUM TOUR</title>
		<link>http://www.soaptheme.net/wordpress/citytours/tour/louvre-museum-tour/</link>
		<pubDate>Mon, 05 Oct 2015 03:41:07 +0000</pubDate>
		<dc:creator><![CDATA[admin]]></dc:creator>
		<guid isPermaLink="false">http://www.soaptheme.net/wordpress/citytours/?post_type=tour&#038;p=214</guid>
		<description></description>
		<content:encoded><![CDATA[<h4>Paris in love</h4>
<p>
Lorem ipsum dolor sit amet, at omnes deseruisse pri. Quo aeterno legimus insolens ad. Sit cu detraxit constituam, an mel iudico constituto efficiendi. Eu ponderum mediocrem has, vitae adolescens in pro. Mea liber ridens inermis ei, mei legendos vulputate an, labitur tibique te qui.
</p>
<h4>What's include</h4>
<p>
Lorem ipsum dolor sit amet, at omnes deseruisse pri. Quo aeterno legimus insolens ad. Sit cu detraxit constituam, an mel iudico constituto efficiendi.
</p>
[row]
[one_half]
[checklist]
<ul>
<li>Lorem ipsum dolor sit amet</li>
<li>No scripta electram necessitatibus sit</li>
<li>Quidam percipitur instructior an eum</li>
<li>Ut est saepe munere ceteros</li>
<li>No scripta electram necessitatibus sit</li>
<li>Quidam percipitur instructior an eum</li>
</ul>
[/checklist]
[/one_half]
[one_half]
[checklist]
<ul>
<li>Lorem ipsum dolor sit amet</li>
<li>No scripta electram necessitatibus sit</li>
<li>Quidam percipitur instructior an eum</li>
<li>No scripta electram necessitatibus sit</li>
</ul>
[/checklist]
[/one_half]
[/row]]]></content:encoded>
		<excerpt:encoded><![CDATA[]]></excerpt:encoded>
		<wp:post_id>214</wp:post_id>
		<wp:post_date>2015-10-05 03:41:07</wp:post_date>
		<wp:post_date_gmt>2015-10-05 03:41:07</wp:post_date_gmt>
		<wp:comment_status>closed</wp:comment_status>
		<wp:ping_status>closed</wp:ping_status>
		<wp:post_name>louvre-museum-tour</wp:post_name>
		<wp:status>publish</wp:status>
		<wp:post_parent>0</wp:post_parent>
		<wp:menu_order>0</wp:menu_order>
		<wp:post_type>tour</wp:post_type>
		<wp:post_password></wp:post_password>
		<wp:is_sticky>0</wp:is_sticky>
		<category domain="tour_facility" nicename="access-for-disabled"><![CDATA[Access for disabled]]></category>
		<category domain="tour_facility" nicename="audio-guide"><![CDATA[Audio guide]]></category>
		<category domain="tour_facility" nicename="groups-allowed"><![CDATA[Groups allowed]]></category>
		<category domain="tour_type" nicename="museum-tours"><![CDATA[Museum tours]]></category>
		<category domain="tour_facility" nicename="pet-allowed"><![CDATA[Pet allowed]]></category>
		<category domain="tour_facility" nicename="tour-guides"><![CDATA[Tour guides]]></category>
		<wp:postmeta>
			<wp:meta_key>_edit_last</wp:meta_key>
			<wp:meta_value><![CDATA[1]]></wp:meta_value>
		</wp:postmeta>
		<wp:postmeta>
			<wp:meta_key>_vc_post_settings</wp:meta_key>
			<wp:meta_value><![CDATA[a:2:{s:7:"vc_grid";a:0:{}s:10:"vc_grid_id";a:0:{}}]]></wp:meta_value>
		</wp:postmeta>
		<wp:postmeta>
			<wp:meta_key>_tour_repeated</wp:meta_key>
			<wp:meta_value><![CDATA[1]]></wp:meta_value>
		</wp:postmeta>
		<wp:postmeta>
			<wp:meta_key>_tour_max_people</wp:meta_key>
			<wp:meta_value><![CDATA[100]]></wp:meta_value>
		</wp:postmeta>
		<wp:postmeta>
			<wp:meta_key>_tour_price</wp:meta_key>
			<wp:meta_value><![CDATA[102]]></wp:meta_value>
		</wp:postmeta>
		<wp:postmeta>
			<wp:meta_key>_tour_charge_child</wp:meta_key>
			<wp:meta_value><![CDATA[1]]></wp:meta_value>
		</wp:postmeta>
		<wp:postmeta>
			<wp:meta_key>_tour_security_deposit</wp:meta_key>
			<wp:meta_value><![CDATA[100]]></wp:meta_value>
		</wp:postmeta>
		<wp:postmeta>
			<wp:meta_key>_tour_address</wp:meta_key>
			<wp:meta_value><![CDATA[5 Avenue Anatole France, 75007 Paris, France]]></wp:meta_value>
		</wp:postmeta>
		<wp:postmeta>
			<wp:meta_key>_tour_loc</wp:meta_key>
			<wp:meta_value><![CDATA[48.853126893258256,2.2945719306884484]]></wp:meta_value>
		</wp:postmeta>
		<wp:postmeta>
			<wp:meta_key>_tour_featured</wp:meta_key>
			<wp:meta_value><![CDATA[1]]></wp:meta_value>
		</wp:postmeta>
		<wp:postmeta>
			<wp:meta_key>_tour_slider</wp:meta_key>
			<wp:meta_value><![CDATA[[sliderpro id="1"]]]></wp:meta_value>
		</wp:postmeta>
		<wp:postmeta>
			<wp:meta_key>_tour_schedule_info</wp:meta_key>
			<wp:meta_value><![CDATA[<div class=" table-responsive">
<table class="table table-striped">
<thead>
<tr>
<th colspan="2">
1st March to 31st October
</th>
</tr>
</thead>
<tbody>
<tr>
<td>
Monday
</td>
<td>
10.00 - 17.30
</td>
</tr>
<tr>
<td>
Tuesday
</td>
<td>
09.00 - 17.30
</td>
</tr>
<tr>
<td>
Wednesday
</td>
<td>
09.00 - 17.30
</td>
</tr>
<tr>
<td>
Thursday
</td>
<td>
<span class="label label-danger">Closed</span>
</td>
</tr>
<tr>
<td>
Friday
</td>
<td>
09.00 - 17.30
</td>
</tr>
<tr>
<td>
Saturday
</td>
<td>
09.00 - 17.30
</td>
</tr>
<tr>
<td>
Sunday
</td>
<td>
10.00 - 17.30
</td>
</tr>
<tr>
<td>
<strong><em>Last Admission</em></strong>
</td>
<td>
<strong>17.00</strong>
</td>
</tr>
</tbody>
</table>
</div>
<div class=" table-responsive">
<table class="table table-striped">
<thead>
<tr>
<th colspan="2">
1st November to 28th February
</th>
</tr>
</thead>
<tbody>
<tr>
<td>
Monday
</td>
<td>
10.00 - 17.30
</td>
</tr>
<tr>
<td>
Tuesday
</td>
<td>
09.00 - 17.30
</td>
</tr>
<tr>
<td>
Wednesday
</td>
<td>
09.00 - 17.30
</td>
</tr>
<tr>
<td>
Thursday
</td>
<td>
<span class="label label-danger">Closed</span>
</td>
</tr>
<tr>
<td>
Friday
</td>
<td>
09.00 - 17.30
</td>
</tr>
<tr>
<td>
Saturday
</td>
<td>
09.00 - 17.30
</td>
</tr>
<tr>
<td>
Sunday
</td>
<td>
10.00 - 17.30
</td>
</tr>
<tr>
<td>
<strong><em>Last Admission</em></strong>
</td>
<td>
<strong>17.00</strong>
</td>
</tr>
</tbody>
</table>
</div>
]]></wp:meta_value>
		</wp:postmeta>
		<wp:postmeta>
			<wp:meta_key>_thumbnail_id</wp:meta_key>
			<wp:meta_value><![CDATA[168]]></wp:meta_value>
		</wp:postmeta>
		<wp:postmeta>
			<wp:meta_key>_review</wp:meta_key>
			<wp:meta_value><![CDATA[3.8]]></wp:meta_value>
		</wp:postmeta>
		<wp:postmeta>
			<wp:meta_key>_review_detail</wp:meta_key>
			<wp:meta_value><![CDATA[a:4:{i:0;d:4;i:1;d:3;i:2;d:4;i:3;d:4;}]]></wp:meta_value>
		</wp:postmeta>
		<wp:postmeta>
			<wp:meta_key>_tour_price_child</wp:meta_key>
			<wp:meta_value><![CDATA[10]]></wp:meta_value>
		</wp:postmeta>
		<wp:postmeta>
			<wp:meta_key>_dp_original</wp:meta_key>
			<wp:meta_value><![CDATA[170]]></wp:meta_value>
		</wp:postmeta>
		<wp:postmeta>
			<wp:meta_key>slide_template</wp:meta_key>
			<wp:meta_value><![CDATA[default]]></wp:meta_value>
		</wp:postmeta>
	</item>
	<item>
		<title>BOULANGERIE TOUR</title>
		<link>http://www.soaptheme.net/wordpress/citytours/tour/boulangerie-tour/</link>
		<pubDate>Mon, 05 Oct 2015 03:41:59 +0000</pubDate>
		<dc:creator><![CDATA[admin]]></dc:creator>
		<guid isPermaLink="false">http://www.soaptheme.net/wordpress/citytours/?post_type=tour&#038;p=215</guid>
		<description></description>
		<content:encoded><![CDATA[<h4>Paris in love</h4>
<p>
Lorem ipsum dolor sit amet, at omnes deseruisse pri. Quo aeterno legimus insolens ad. Sit cu detraxit constituam, an mel iudico constituto efficiendi. Eu ponderum mediocrem has, vitae adolescens in pro. Mea liber ridens inermis ei, mei legendos vulputate an, labitur tibique te qui.
</p>
<h4>What's include</h4>
<p>
Lorem ipsum dolor sit amet, at omnes deseruisse pri. Quo aeterno legimus insolens ad. Sit cu detraxit constituam, an mel iudico constituto efficiendi.
</p>
[row]
[one_half]
[checklist]
<ul>
<li>Lorem ipsum dolor sit amet</li>
<li>No scripta electram necessitatibus sit</li>
<li>Quidam percipitur instructior an eum</li>
<li>Ut est saepe munere ceteros</li>
<li>No scripta electram necessitatibus sit</li>
<li>Quidam percipitur instructior an eum</li>
</ul>
[/checklist]
[/one_half]
[one_half]
[checklist]
<ul>
<li>Lorem ipsum dolor sit amet</li>
<li>No scripta electram necessitatibus sit</li>
<li>Quidam percipitur instructior an eum</li>
<li>No scripta electram necessitatibus sit</li>
</ul>
[/checklist]
[/one_half]
[/row]]]></content:encoded>
		<excerpt:encoded><![CDATA[]]></excerpt:encoded>
		<wp:post_id>215</wp:post_id>
		<wp:post_date>2015-10-05 03:41:59</wp:post_date>
		<wp:post_date_gmt>2015-10-05 03:41:59</wp:post_date_gmt>
		<wp:comment_status>closed</wp:comment_status>
		<wp:ping_status>closed</wp:ping_status>
		<wp:post_name>boulangerie-tour</wp:post_name>
		<wp:status>publish</wp:status>
		<wp:post_parent>0</wp:post_parent>
		<wp:menu_order>0</wp:menu_order>
		<wp:post_type>tour</wp:post_type>
		<wp:post_password></wp:post_password>
		<wp:is_sticky>0</wp:is_sticky>
		<category domain="tour_facility" nicename="access-for-disabled"><![CDATA[Access for disabled]]></category>
		<category domain="tour_facility" nicename="audio-guide"><![CDATA[Audio guide]]></category>
		<category domain="tour_facility" nicename="groups-allowed"><![CDATA[Groups allowed]]></category>
		<category domain="tour_type" nicename="museum-tours"><![CDATA[Museum tours]]></category>
		<category domain="tour_facility" nicename="pet-allowed"><![CDATA[Pet allowed]]></category>
		<category domain="tour_facility" nicename="tour-guides"><![CDATA[Tour guides]]></category>
		<wp:postmeta>
			<wp:meta_key>_edit_last</wp:meta_key>
			<wp:meta_value><![CDATA[1]]></wp:meta_value>
		</wp:postmeta>
		<wp:postmeta>
			<wp:meta_key>_vc_post_settings</wp:meta_key>
			<wp:meta_value><![CDATA[a:2:{s:7:"vc_grid";a:0:{}s:10:"vc_grid_id";a:0:{}}]]></wp:meta_value>
		</wp:postmeta>
		<wp:postmeta>
			<wp:meta_key>_tour_repeated</wp:meta_key>
			<wp:meta_value><![CDATA[1]]></wp:meta_value>
		</wp:postmeta>
		<wp:postmeta>
			<wp:meta_key>_tour_max_people</wp:meta_key>
			<wp:meta_value><![CDATA[100]]></wp:meta_value>
		</wp:postmeta>
		<wp:postmeta>
			<wp:meta_key>_tour_price</wp:meta_key>
			<wp:meta_value><![CDATA[82]]></wp:meta_value>
		</wp:postmeta>
		<wp:postmeta>
			<wp:meta_key>_tour_charge_child</wp:meta_key>
			<wp:meta_value><![CDATA[1]]></wp:meta_value>
		</wp:postmeta>
		<wp:postmeta>
			<wp:meta_key>_tour_security_deposit</wp:meta_key>
			<wp:meta_value><![CDATA[50]]></wp:meta_value>
		</wp:postmeta>
		<wp:postmeta>
			<wp:meta_key>_tour_address</wp:meta_key>
			<wp:meta_value><![CDATA[5 Avenue Anatole France, 75007 Paris, France]]></wp:meta_value>
		</wp:postmeta>
		<wp:postmeta>
			<wp:meta_key>_tour_loc</wp:meta_key>
			<wp:meta_value><![CDATA[48.86509834485074,2.3006659095702844]]></wp:meta_value>
		</wp:postmeta>
		<wp:postmeta>
			<wp:meta_key>_tour_featured</wp:meta_key>
			<wp:meta_value><![CDATA[1]]></wp:meta_value>
		</wp:postmeta>
		<wp:postmeta>
			<wp:meta_key>_tour_slider</wp:meta_key>
			<wp:meta_value><![CDATA[[sliderpro id="1"]]]></wp:meta_value>
		</wp:postmeta>
		<wp:postmeta>
			<wp:meta_key>_tour_schedule_info</wp:meta_key>
			<wp:meta_value><![CDATA[<div class=" table-responsive">
<table class="table table-striped">
<thead>
<tr>
<th colspan="2">
1st March to 31st October
</th>
</tr>
</thead>
<tbody>
<tr>
<td>
Monday
</td>
<td>
10.00 - 17.30
</td>
</tr>
<tr>
<td>
Tuesday
</td>
<td>
09.00 - 17.30
</td>
</tr>
<tr>
<td>
Wednesday
</td>
<td>
09.00 - 17.30
</td>
</tr>
<tr>
<td>
Thursday
</td>
<td>
<span class="label label-danger">Closed</span>
</td>
</tr>
<tr>
<td>
Friday
</td>
<td>
09.00 - 17.30
</td>
</tr>
<tr>
<td>
Saturday
</td>
<td>
09.00 - 17.30
</td>
</tr>
<tr>
<td>
Sunday
</td>
<td>
10.00 - 17.30
</td>
</tr>
<tr>
<td>
<strong><em>Last Admission</em></strong>
</td>
<td>
<strong>17.00</strong>
</td>
</tr>
</tbody>
</table>
</div>
<div class=" table-responsive">
<table class="table table-striped">
<thead>
<tr>
<th colspan="2">
1st November to 28th February
</th>
</tr>
</thead>
<tbody>
<tr>
<td>
Monday
</td>
<td>
10.00 - 17.30
</td>
</tr>
<tr>
<td>
Tuesday
</td>
<td>
09.00 - 17.30
</td>
</tr>
<tr>
<td>
Wednesday
</td>
<td>
09.00 - 17.30
</td>
</tr>
<tr>
<td>
Thursday
</td>
<td>
<span class="label label-danger">Closed</span>
</td>
</tr>
<tr>
<td>
Friday
</td>
<td>
09.00 - 17.30
</td>
</tr>
<tr>
<td>
Saturday
</td>
<td>
09.00 - 17.30
</td>
</tr>
<tr>
<td>
Sunday
</td>
<td>
10.00 - 17.30
</td>
</tr>
<tr>
<td>
<strong><em>Last Admission</em></strong>
</td>
<td>
<strong>17.00</strong>
</td>
</tr>
</tbody>
</table>
</div>
]]></wp:meta_value>
		</wp:postmeta>
		<wp:postmeta>
			<wp:meta_key>_thumbnail_id</wp:meta_key>
			<wp:meta_value><![CDATA[104]]></wp:meta_value>
		</wp:postmeta>
		<wp:postmeta>
			<wp:meta_key>_review</wp:meta_key>
			<wp:meta_value><![CDATA[3.8]]></wp:meta_value>
		</wp:postmeta>
		<wp:postmeta>
			<wp:meta_key>_review_detail</wp:meta_key>
			<wp:meta_value><![CDATA[a:4:{i:0;d:4;i:1;d:3;i:2;d:4;i:3;d:4;}]]></wp:meta_value>
		</wp:postmeta>
		<wp:postmeta>
			<wp:meta_key>_tour_price_child</wp:meta_key>
			<wp:meta_value><![CDATA[10]]></wp:meta_value>
		</wp:postmeta>
		<wp:postmeta>
			<wp:meta_key>_dp_original</wp:meta_key>
			<wp:meta_value><![CDATA[170]]></wp:meta_value>
		</wp:postmeta>
		<wp:postmeta>
			<wp:meta_key>slide_template</wp:meta_key>
			<wp:meta_value><![CDATA[default]]></wp:meta_value>
		</wp:postmeta>
	</item>
</channel>
</rss>
