<?xml version="1.0" encoding="UTF-8" ?>
<!-- This is a WordPress eXtended RSS file generated by WordPress as an export of your site. -->
<!-- It contains information about your site's posts, pages, comments, categories, and other content. -->
<!-- You may use this file to transfer that content from one site to another. -->
<!-- This file is not intended to serve as a complete backup of your site. -->

<!-- To import this information into a WordPress site follow these steps: -->
<!-- 1. Log in to that site as an administrator. -->
<!-- 2. Go to Tools: Import in the WordPress admin panel. -->
<!-- 3. Install the "WordPress" importer from the list. -->
<!-- 4. Activate & Run Importer. -->
<!-- 5. Upload this file using the form provided on that page. -->
<!-- 6. You will first be asked to map the authors in this export file to users -->
<!--    on the site. For each author, you may choose to map to an -->
<!--    existing user on the site or to create a new user. -->
<!-- 7. WordPress will then import each of the posts, pages, comments, categories, etc. -->
<!--    contained in this file into your site. -->

<!-- generator="WordPress/4.3.3" created="2016-03-09 03:25" -->
<rss version="2.0"
	xmlns:excerpt="http://wordpress.org/export/1.2/excerpt/"
	xmlns:content="http://purl.org/rss/1.0/modules/content/"
	xmlns:wfw="http://wellformedweb.org/CommentAPI/"
	xmlns:dc="http://purl.org/dc/elements/1.1/"
	xmlns:wp="http://wordpress.org/export/1.2/"
>

<channel>
	<title>City Tours</title>
	<link>http://www.soaptheme.net/wordpress/citytours</link>
	<description>CityTours - Hotel &#38; Tour Booking Wordpress Theme</description>
	<pubDate>Wed, 09 Mar 2016 03:25:49 +0000</pubDate>
	<language>en-US</language>
	<wp:wxr_version>1.2</wp:wxr_version>
	<wp:base_site_url>http://www.soaptheme.net/wordpress/citytours</wp:base_site_url>
	<wp:base_blog_url>http://www.soaptheme.net/wordpress/citytours</wp:base_blog_url>

	<wp:author><wp:author_id>1</wp:author_id><wp:author_login>admin</wp:author_login><wp:author_email>soaptheme@gmail.com</wp:author_email><wp:author_display_name><![CDATA[admin]]></wp:author_display_name><wp:author_first_name><![CDATA[]]></wp:author_first_name><wp:author_last_name><![CDATA[]]></wp:author_last_name></wp:author>


	<generator>http://wordpress.org/?v=4.3.3</generator>

	<item>
		<title>Hello world!</title>
		<link>http://www.soaptheme.net/wordpress/citytours/hello-world/</link>
		<pubDate>Mon, 28 Sep 2015 16:58:52 +0000</pubDate>
		<dc:creator><![CDATA[admin]]></dc:creator>
		<guid isPermaLink="false">http://www.soaptheme.net/wordpress/citytours/?p=1</guid>
		<description></description>
		<content:encoded><![CDATA[Welcome to WordPress. This is your first post. Edit or delete it, then start writing!]]></content:encoded>
		<excerpt:encoded><![CDATA[]]></excerpt:encoded>
		<wp:post_id>1</wp:post_id>
		<wp:post_date>2015-09-28 16:58:52</wp:post_date>
		<wp:post_date_gmt>2015-09-28 16:58:52</wp:post_date_gmt>
		<wp:comment_status>open</wp:comment_status>
		<wp:ping_status>open</wp:ping_status>
		<wp:post_name>hello-world</wp:post_name>
		<wp:status>publish</wp:status>
		<wp:post_parent>0</wp:post_parent>
		<wp:menu_order>0</wp:menu_order>
		<wp:post_type>post</wp:post_type>
		<wp:post_password></wp:post_password>
		<wp:is_sticky>0</wp:is_sticky>
		<category domain="category" nicename="places-to-visit"><![CDATA[Places to visit]]></category>
		<category domain="post_tag" nicename="sit-amet"><![CDATA[Sit amet]]></category>
		<wp:postmeta>
			<wp:meta_key>_edit_last</wp:meta_key>
			<wp:meta_value><![CDATA[1]]></wp:meta_value>
		</wp:postmeta>
		<wp:comment>
			<wp:comment_id>1</wp:comment_id>
			<wp:comment_author><![CDATA[Mr WordPress]]></wp:comment_author>
			<wp:comment_author_email></wp:comment_author_email>
			<wp:comment_author_url>https://wordpress.org/</wp:comment_author_url>
			<wp:comment_author_IP></wp:comment_author_IP>
			<wp:comment_date>2015-09-28 16:58:52</wp:comment_date>
			<wp:comment_date_gmt>2015-09-28 16:58:52</wp:comment_date_gmt>
			<wp:comment_content><![CDATA[Hi, this is a comment.
To delete a comment, just log in and view the post&#039;s comments. There you will have the option to edit or delete them.]]></wp:comment_content>
			<wp:comment_approved>1</wp:comment_approved>
			<wp:comment_type></wp:comment_type>
			<wp:comment_parent>0</wp:comment_parent>
			<wp:comment_user_id>0</wp:comment_user_id>
		</wp:comment>
	</item>
	<item>
		<title>Duis aute irure dolor in reprehenderit</title>
		<link>http://www.soaptheme.net/wordpress/citytours/duis-aute-irure-dolor-in-reprehenderit/</link>
		<pubDate>Tue, 29 Sep 2015 14:10:33 +0000</pubDate>
		<dc:creator><![CDATA[admin]]></dc:creator>
		<guid isPermaLink="false">http://www.soaptheme.net/wordpress/citytours/?p=5</guid>
		<description></description>
		<content:encoded><![CDATA[<p>
Praesent vestibulum molestie lacus. Aenean nonummy hendrerit mauris. Phasellus porta. Fusce suscipit varius mi nascetur ridiculus mus. Nulla dui. Fusce feugiat malesuada odio. Morbi nunc odio, gravida at, cursus nec, luctus a, lorem.....
</p>
<p>
Aenean iaculis sodales dui, non hendrerit lorem rhoncus ut. Pellentesque ullamcorper venenatis elit idaipiscingi Duis tellus neque, tincidunt eget pulvinar sit amet, rutrum nec urna. Suspendisse pretium laoreet elit vel ultricies. Maecenas ullamcorper ultricies rhoncus. Aliquam erat volutpat.
</p>
<blockquote class="styled">
  <p>Lorem Ipsum is simply dummy text of the printing and typesetting industry. Lorem Ipsum has been the industry's standard dummy text ever since the 1500s, when an unknown printer took a galley of type and scrambled it to make a type specimen book. It has survived not only five centuries, but also the leap into electronic typesetting, remaining essentially unchanged. </p>
<small>Someone famous in <cite title="">Body of work</cite></small>
</blockquote>]]></content:encoded>
		<excerpt:encoded><![CDATA[]]></excerpt:encoded>
		<wp:post_id>5</wp:post_id>
		<wp:post_date>2015-09-29 14:10:33</wp:post_date>
		<wp:post_date_gmt>2015-09-29 14:10:33</wp:post_date_gmt>
		<wp:comment_status>open</wp:comment_status>
		<wp:ping_status>open</wp:ping_status>
		<wp:post_name>duis-aute-irure-dolor-in-reprehenderit</wp:post_name>
		<wp:status>publish</wp:status>
		<wp:post_parent>0</wp:post_parent>
		<wp:menu_order>0</wp:menu_order>
		<wp:post_type>post</wp:post_type>
		<wp:post_password></wp:post_password>
		<wp:is_sticky>0</wp:is_sticky>
		<category domain="category" nicename="events"><![CDATA[Events]]></category>
		<category domain="post_tag" nicename="lorem-ipsum"><![CDATA[Lorem ipsum]]></category>
		<category domain="category" nicename="places-to-visit"><![CDATA[Places to visit]]></category>
		<category domain="category" nicename="tips-for-travellers"><![CDATA[Tips for travellers]]></category>
		<category domain="category" nicename="top-tours"><![CDATA[Top tours]]></category>
		<wp:postmeta>
			<wp:meta_key>_edit_last</wp:meta_key>
			<wp:meta_value><![CDATA[1]]></wp:meta_value>
		</wp:postmeta>
		<wp:postmeta>
			<wp:meta_key>_thumbnail_id</wp:meta_key>
			<wp:meta_value><![CDATA[6]]></wp:meta_value>
		</wp:postmeta>
		<wp:postmeta>
			<wp:meta_key>_ct_sidebar_position</wp:meta_key>
			<wp:meta_value><![CDATA[default]]></wp:meta_value>
		</wp:postmeta>
		<wp:postmeta>
			<wp:meta_key>_ct_sidebar_widget_area</wp:meta_key>
			<wp:meta_value><![CDATA[default]]></wp:meta_value>
		</wp:postmeta>
		<wp:postmeta>
			<wp:meta_key>_vc_post_settings</wp:meta_key>
			<wp:meta_value><![CDATA[a:2:{s:7:"vc_grid";a:0:{}s:10:"vc_grid_id";a:0:{}}]]></wp:meta_value>
		</wp:postmeta>
	</item>
	<item>
		<title>Lorem ipsum dolor sit amet</title>
		<link>http://www.soaptheme.net/wordpress/citytours/lorem-ipsum-dolor-sit-amet/</link>
		<pubDate>Tue, 29 Sep 2015 14:13:03 +0000</pubDate>
		<dc:creator><![CDATA[admin]]></dc:creator>
		<guid isPermaLink="false">http://www.soaptheme.net/wordpress/citytours/?p=8</guid>
		<description></description>
		<content:encoded><![CDATA[<p>
Ludus albucius adversarium eam eu. Sit eu reque tation aliquip. Quo no dolorum albucius lucilius, hinc eligendi ut sed. Ex nam quot ferri suscipit, mea ne legere alterum repudiandae. Ei pri quaerendum intellegebat, ut vel consequuntur voluptatibus. Et volumus sententiae adversarium duo.
</p>
<p>
Ludus albucius adversarium eam eu. Sit eu reque tation aliquip. Quo no dolorum albucius lucilius, hinc eligendi ut sed. Ex nam quot ferri suscipit, mea ne legere alterum repudiandae. Ei pri quaerendum intellegebat, ut vel consequuntur voluptatibus. Et volumus sententiae adversarium duo.
</p>
<blockquote class="styled">
  <p>Lorem Ipsum is simply dummy text of the printing and typesetting industry. Lorem Ipsum has been the industry's standard dummy text ever since the 1500s, when an unknown printer took a galley of type and scrambled it to make a type specimen book. It has survived not only five centuries, but also the leap into electronic typesetting, remaining essentially unchanged. </p>
<small>Someone famous in <cite title="">Body of work</cite></small>
</blockquote>]]></content:encoded>
		<excerpt:encoded><![CDATA[]]></excerpt:encoded>
		<wp:post_id>8</wp:post_id>
		<wp:post_date>2015-09-29 14:13:03</wp:post_date>
		<wp:post_date_gmt>2015-09-29 14:13:03</wp:post_date_gmt>
		<wp:comment_status>open</wp:comment_status>
		<wp:ping_status>open</wp:ping_status>
		<wp:post_name>lorem-ipsum-dolor-sit-amet</wp:post_name>
		<wp:status>publish</wp:status>
		<wp:post_parent>0</wp:post_parent>
		<wp:menu_order>0</wp:menu_order>
		<wp:post_type>post</wp:post_type>
		<wp:post_password></wp:post_password>
		<wp:is_sticky>0</wp:is_sticky>
		<category domain="post_tag" nicename="long-established"><![CDATA[Long established]]></category>
		<category domain="category" nicename="places-to-visit"><![CDATA[Places to visit]]></category>
		<category domain="category" nicename="top-tours"><![CDATA[Top tours]]></category>
		<wp:postmeta>
			<wp:meta_key>_edit_last</wp:meta_key>
			<wp:meta_value><![CDATA[1]]></wp:meta_value>
		</wp:postmeta>
		<wp:postmeta>
			<wp:meta_key>_thumbnail_id</wp:meta_key>
			<wp:meta_value><![CDATA[9]]></wp:meta_value>
		</wp:postmeta>
		<wp:postmeta>
			<wp:meta_key>_ct_sidebar_position</wp:meta_key>
			<wp:meta_value><![CDATA[default]]></wp:meta_value>
		</wp:postmeta>
		<wp:postmeta>
			<wp:meta_key>_ct_sidebar_widget_area</wp:meta_key>
			<wp:meta_value><![CDATA[default]]></wp:meta_value>
		</wp:postmeta>
	</item>
	<item>
		<title>Lorem ipsum dolor sit amet, consectetur adipisicing elit</title>
		<link>http://www.soaptheme.net/wordpress/citytours/lorem-ipsum-dolor-sit-amet-consectetur-adipisicing-elit/</link>
		<pubDate>Tue, 29 Sep 2015 14:14:31 +0000</pubDate>
		<dc:creator><![CDATA[admin]]></dc:creator>
		<guid isPermaLink="false">http://www.soaptheme.net/wordpress/citytours/?p=11</guid>
		<description></description>
		<content:encoded><![CDATA[<p>
Ludus albucius adversarium eam eu. Sit eu reque tation aliquip. Quo no dolorum albucius lucilius, hinc eligendi ut sed. Ex nam quot ferri suscipit, mea ne legere alterum repudiandae. Ei pri quaerendum intellegebat, ut vel consequuntur voluptatibus. Et volumus sententiae adversarium duo.
</p>
<p>
Ludus albucius adversarium eam eu. Sit eu reque tation aliquip. Quo no dolorum albucius lucilius, hinc eligendi ut sed. Ex nam quot ferri suscipit, mea ne legere alterum repudiandae. Ei pri quaerendum intellegebat, ut vel consequuntur voluptatibus. Et volumus sententiae adversarium duo.
</p>
<blockquote class="styled">
  <p>Lorem Ipsum is simply dummy text of the printing and typesetting industry. Lorem Ipsum has been the industry's standard dummy text ever since the 1500s, when an unknown printer took a galley of type and scrambled it to make a type specimen book. It has survived not only five centuries, but also the leap into electronic typesetting, remaining essentially unchanged. </p>
<small>Someone famous in <cite title="">Body of work</cite></small>
</blockquote>

Lorem ipsum dolor sit amet, consectetur adipisicing elit. Architecto, minima.]]></content:encoded>
		<excerpt:encoded><![CDATA[]]></excerpt:encoded>
		<wp:post_id>11</wp:post_id>
		<wp:post_date>2015-09-29 14:14:31</wp:post_date>
		<wp:post_date_gmt>2015-09-29 14:14:31</wp:post_date_gmt>
		<wp:comment_status>open</wp:comment_status>
		<wp:ping_status>open</wp:ping_status>
		<wp:post_name>lorem-ipsum-dolor-sit-amet-consectetur-adipisicing-elit</wp:post_name>
		<wp:status>publish</wp:status>
		<wp:post_parent>0</wp:post_parent>
		<wp:menu_order>0</wp:menu_order>
		<wp:post_type>post</wp:post_type>
		<wp:post_password></wp:post_password>
		<wp:is_sticky>0</wp:is_sticky>
		<category domain="post_tag" nicename="lorem"><![CDATA[lorem]]></category>
		<category domain="category" nicename="tips-for-travellers"><![CDATA[Tips for travellers]]></category>
		<category domain="category" nicename="top-tours"><![CDATA[Top tours]]></category>
		<wp:postmeta>
			<wp:meta_key>_edit_last</wp:meta_key>
			<wp:meta_value><![CDATA[1]]></wp:meta_value>
		</wp:postmeta>
		<wp:postmeta>
			<wp:meta_key>_thumbnail_id</wp:meta_key>
			<wp:meta_value><![CDATA[12]]></wp:meta_value>
		</wp:postmeta>
		<wp:postmeta>
			<wp:meta_key>_ct_sidebar_position</wp:meta_key>
			<wp:meta_value><![CDATA[default]]></wp:meta_value>
		</wp:postmeta>
		<wp:postmeta>
			<wp:meta_key>_ct_sidebar_widget_area</wp:meta_key>
			<wp:meta_value><![CDATA[default]]></wp:meta_value>
		</wp:postmeta>
		<wp:postmeta>
			<wp:meta_key>_vc_post_settings</wp:meta_key>
			<wp:meta_value><![CDATA[a:2:{s:7:"vc_grid";a:0:{}s:10:"vc_grid_id";a:0:{}}]]></wp:meta_value>
		</wp:postmeta>
	</item>
	<item>
		<title>Consectetur adipisicing elit</title>
		<link>http://www.soaptheme.net/wordpress/citytours/consectetur-adipisicing-elit/</link>
		<pubDate>Tue, 29 Sep 2015 14:17:02 +0000</pubDate>
		<dc:creator><![CDATA[admin]]></dc:creator>
		<guid isPermaLink="false">http://www.soaptheme.net/wordpress/citytours/?p=14</guid>
		<description></description>
		<content:encoded><![CDATA[<p>
Ludus albucius adversarium eam eu. Sit eu reque tation aliquip. Quo no dolorum albucius lucilius, hinc eligendi ut sed. Ex nam quot ferri suscipit, mea ne legere alterum repudiandae. Ei pri quaerendum intellegebat, ut vel consequuntur voluptatibus. Et volumus sententiae adversarium duo.
</p>
<p>
Ludus albucius adversarium eam eu. Sit eu reque tation aliquip. Quo no dolorum albucius lucilius, hinc eligendi ut sed. Ex nam quot ferri suscipit, mea ne legere alterum repudiandae. Ei pri quaerendum intellegebat, ut vel consequuntur voluptatibus. Et volumus sententiae adversarium duo.
</p>
<blockquote class="styled">
  <p>Lorem Ipsum is simply dummy text of the printing and typesetting industry. Lorem Ipsum has been the industry's standard dummy text ever since the 1500s, when an unknown printer took a galley of type and scrambled it to make a type specimen book. It has survived not only five centuries, but also the leap into electronic typesetting, remaining essentially unchanged. </p>
<small>Someone famous in <cite title="">Body of work</cite></small>
</blockquote>

Lorem ipsum dolor sit amet, consectetur adipisicing elit. Architecto, minima.]]></content:encoded>
		<excerpt:encoded><![CDATA[]]></excerpt:encoded>
		<wp:post_id>14</wp:post_id>
		<wp:post_date>2015-09-29 14:17:02</wp:post_date>
		<wp:post_date_gmt>2015-09-29 14:17:02</wp:post_date_gmt>
		<wp:comment_status>open</wp:comment_status>
		<wp:ping_status>open</wp:ping_status>
		<wp:post_name>consectetur-adipisicing-elit</wp:post_name>
		<wp:status>publish</wp:status>
		<wp:post_parent>0</wp:post_parent>
		<wp:menu_order>0</wp:menu_order>
		<wp:post_type>post</wp:post_type>
		<wp:post_password></wp:post_password>
		<wp:is_sticky>0</wp:is_sticky>
		<category domain="category" nicename="events"><![CDATA[Events]]></category>
		<category domain="post_tag" nicename="latin-words"><![CDATA[Latin words]]></category>
		<category domain="category" nicename="tips-for-travellers"><![CDATA[Tips for travellers]]></category>
		<category domain="category" nicename="top-tours"><![CDATA[Top tours]]></category>
		<wp:postmeta>
			<wp:meta_key>_edit_last</wp:meta_key>
			<wp:meta_value><![CDATA[1]]></wp:meta_value>
		</wp:postmeta>
		<wp:postmeta>
			<wp:meta_key>_thumbnail_id</wp:meta_key>
			<wp:meta_value><![CDATA[9]]></wp:meta_value>
		</wp:postmeta>
		<wp:postmeta>
			<wp:meta_key>_ct_sidebar_position</wp:meta_key>
			<wp:meta_value><![CDATA[default]]></wp:meta_value>
		</wp:postmeta>
		<wp:postmeta>
			<wp:meta_key>_ct_sidebar_widget_area</wp:meta_key>
			<wp:meta_value><![CDATA[default]]></wp:meta_value>
		</wp:postmeta>
		<wp:postmeta>
			<wp:meta_key>_vc_post_settings</wp:meta_key>
			<wp:meta_value><![CDATA[a:2:{s:7:"vc_grid";a:0:{}s:10:"vc_grid_id";a:0:{}}]]></wp:meta_value>
		</wp:postmeta>
	</item>
	<item>
		<title>Duis aute irure dolor in reprehenderit</title>
		<link>http://www.soaptheme.net/wordpress/citytours/duis-aute-irure-dolor-in-reprehenderit-2/</link>
		<pubDate>Tue, 29 Sep 2015 14:17:44 +0000</pubDate>
		<dc:creator><![CDATA[admin]]></dc:creator>
		<guid isPermaLink="false">http://www.soaptheme.net/wordpress/citytours/?p=16</guid>
		<description></description>
		<content:encoded><![CDATA[<p>
Praesent vestibulum molestie lacus. Aenean nonummy hendrerit mauris. Phasellus porta. Fusce suscipit varius mi nascetur ridiculus mus. Nulla dui. Fusce feugiat malesuada odio. Morbi nunc odio, gravida at, cursus nec, luctus a, lorem.....
</p>
<p>
Aenean iaculis sodales dui, non hendrerit lorem rhoncus ut. Pellentesque ullamcorper venenatis elit idaipiscingi Duis tellus neque, tincidunt eget pulvinar sit amet, rutrum nec urna. Suspendisse pretium laoreet elit vel ultricies. Maecenas ullamcorper ultricies rhoncus. Aliquam erat volutpat.
</p>
<blockquote class="styled">
  <p>Lorem Ipsum is simply dummy text of the printing and typesetting industry. Lorem Ipsum has been the industry's standard dummy text ever since the 1500s, when an unknown printer took a galley of type and scrambled it to make a type specimen book. It has survived not only five centuries, but also the leap into electronic typesetting, remaining essentially unchanged. </p>
<small>Someone famous in <cite title="">Body of work</cite></small>
</blockquote>]]></content:encoded>
		<excerpt:encoded><![CDATA[]]></excerpt:encoded>
		<wp:post_id>16</wp:post_id>
		<wp:post_date>2015-09-29 14:17:44</wp:post_date>
		<wp:post_date_gmt>2015-09-29 14:17:44</wp:post_date_gmt>
		<wp:comment_status>open</wp:comment_status>
		<wp:ping_status>open</wp:ping_status>
		<wp:post_name>duis-aute-irure-dolor-in-reprehenderit-2</wp:post_name>
		<wp:status>publish</wp:status>
		<wp:post_parent>0</wp:post_parent>
		<wp:menu_order>0</wp:menu_order>
		<wp:post_type>post</wp:post_type>
		<wp:post_password></wp:post_password>
		<wp:is_sticky>0</wp:is_sticky>
		<category domain="category" nicename="events"><![CDATA[Events]]></category>
		<category domain="post_tag" nicename="excepteur-sint"><![CDATA[Excepteur sint]]></category>
		<category domain="category" nicename="places-to-visit"><![CDATA[Places to visit]]></category>
		<wp:postmeta>
			<wp:meta_key>_edit_last</wp:meta_key>
			<wp:meta_value><![CDATA[1]]></wp:meta_value>
		</wp:postmeta>
		<wp:postmeta>
			<wp:meta_key>_thumbnail_id</wp:meta_key>
			<wp:meta_value><![CDATA[6]]></wp:meta_value>
		</wp:postmeta>
		<wp:postmeta>
			<wp:meta_key>_ct_sidebar_position</wp:meta_key>
			<wp:meta_value><![CDATA[right]]></wp:meta_value>
		</wp:postmeta>
		<wp:postmeta>
			<wp:meta_key>_ct_sidebar_widget_area</wp:meta_key>
			<wp:meta_value><![CDATA[default]]></wp:meta_value>
		</wp:postmeta>
		<wp:postmeta>
			<wp:meta_key>_vc_post_settings</wp:meta_key>
			<wp:meta_value><![CDATA[a:2:{s:7:"vc_grid";a:0:{}s:10:"vc_grid_id";a:0:{}}]]></wp:meta_value>
		</wp:postmeta>
		<wp:postmeta>
			<wp:meta_key>slide_template</wp:meta_key>
			<wp:meta_value><![CDATA[default]]></wp:meta_value>
		</wp:postmeta>
	</item>
	<item>
		<title>Lorem ipsum dolor sit amet - 2</title>
		<link>http://www.soaptheme.net/wordpress/citytours/lorem-ipsum-dolor-sit-amet-2/</link>
		<pubDate>Tue, 29 Sep 2015 14:18:15 +0000</pubDate>
		<dc:creator><![CDATA[admin]]></dc:creator>
		<guid isPermaLink="false">http://www.soaptheme.net/wordpress/citytours/?p=18</guid>
		<description></description>
		<content:encoded><![CDATA[<p>
Ludus albucius adversarium eam eu. Sit eu reque tation aliquip. Quo no dolorum albucius lucilius, hinc eligendi ut sed. Ex nam quot ferri suscipit, mea ne legere alterum repudiandae. Ei pri quaerendum intellegebat, ut vel consequuntur voluptatibus. Et volumus sententiae adversarium duo.
</p>
<p>
Ludus albucius adversarium eam eu. Sit eu reque tation aliquip. Quo no dolorum albucius lucilius, hinc eligendi ut sed. Ex nam quot ferri suscipit, mea ne legere alterum repudiandae. Ei pri quaerendum intellegebat, ut vel consequuntur voluptatibus. Et volumus sententiae adversarium duo.
</p>
<blockquote class="styled">
  <p>Lorem Ipsum is simply dummy text of the printing and typesetting industry. Lorem Ipsum has been the industry's standard dummy text ever since the 1500s, when an unknown printer took a galley of type and scrambled it to make a type specimen book. It has survived not only five centuries, but also the leap into electronic typesetting, remaining essentially unchanged. </p>
<small>Someone famous in <cite title="">Body of work</cite></small>
</blockquote>]]></content:encoded>
		<excerpt:encoded><![CDATA[]]></excerpt:encoded>
		<wp:post_id>18</wp:post_id>
		<wp:post_date>2015-09-29 14:18:15</wp:post_date>
		<wp:post_date_gmt>2015-09-29 14:18:15</wp:post_date_gmt>
		<wp:comment_status>open</wp:comment_status>
		<wp:ping_status>open</wp:ping_status>
		<wp:post_name>lorem-ipsum-dolor-sit-amet-2</wp:post_name>
		<wp:status>publish</wp:status>
		<wp:post_parent>0</wp:post_parent>
		<wp:menu_order>0</wp:menu_order>
		<wp:post_type>post</wp:post_type>
		<wp:post_password></wp:post_password>
		<wp:is_sticky>0</wp:is_sticky>
		<category domain="post_tag" nicename="dolor"><![CDATA[Dolor]]></category>
		<category domain="category" nicename="events"><![CDATA[Events]]></category>
		<wp:postmeta>
			<wp:meta_key>_thumbnail_id</wp:meta_key>
			<wp:meta_value><![CDATA[12]]></wp:meta_value>
		</wp:postmeta>
		<wp:postmeta>
			<wp:meta_key>_edit_last</wp:meta_key>
			<wp:meta_value><![CDATA[1]]></wp:meta_value>
		</wp:postmeta>
		<wp:postmeta>
			<wp:meta_key>_ct_sidebar_position</wp:meta_key>
			<wp:meta_value><![CDATA[default]]></wp:meta_value>
		</wp:postmeta>
		<wp:postmeta>
			<wp:meta_key>_ct_sidebar_widget_area</wp:meta_key>
			<wp:meta_value><![CDATA[default]]></wp:meta_value>
		</wp:postmeta>
		<wp:postmeta>
			<wp:meta_key>_vc_post_settings</wp:meta_key>
			<wp:meta_value><![CDATA[a:2:{s:7:"vc_grid";a:0:{}s:10:"vc_grid_id";a:0:{}}]]></wp:meta_value>
		</wp:postmeta>
		<wp:comment>
			<wp:comment_id>3</wp:comment_id>
			<wp:comment_author><![CDATA[Anna Smith]]></wp:comment_author>
			<wp:comment_author_email>service@soaptheme.net</wp:comment_author_email>
			<wp:comment_author_url></wp:comment_author_url>
			<wp:comment_author_IP>199.48.228.111</wp:comment_author_IP>
			<wp:comment_date>2015-09-29 15:17:17</wp:comment_date>
			<wp:comment_date_gmt>2015-09-29 15:17:17</wp:comment_date_gmt>
			<wp:comment_content><![CDATA[Nam cursus tellus quis magna porta adipiscing. Donec et eros leo, non pellentesque arcu. Curabitur vitae mi enim, at vestibulum magna. Cum sociis natoque penatibus et magnis dis parturient montes, nascetur ridiculus mus. Sed sit amet sem a urna rutrumeger fringilla. Nam vel enim ipsum, et congue ante.]]></wp:comment_content>
			<wp:comment_approved>1</wp:comment_approved>
			<wp:comment_type></wp:comment_type>
			<wp:comment_parent>0</wp:comment_parent>
			<wp:comment_user_id>0</wp:comment_user_id>
		</wp:comment>
		<wp:comment>
			<wp:comment_id>4</wp:comment_id>
			<wp:comment_author><![CDATA[Tom Sawyer]]></wp:comment_author>
			<wp:comment_author_email>service@soaptheme.net</wp:comment_author_email>
			<wp:comment_author_url></wp:comment_author_url>
			<wp:comment_author_IP>104.250.141.42</wp:comment_author_IP>
			<wp:comment_date>2015-09-29 15:20:11</wp:comment_date>
			<wp:comment_date_gmt>2015-09-29 15:20:11</wp:comment_date_gmt>
			<wp:comment_content><![CDATA[Cursus tellus quis magna porta adipiscin]]></wp:comment_content>
			<wp:comment_approved>1</wp:comment_approved>
			<wp:comment_type></wp:comment_type>
			<wp:comment_parent>0</wp:comment_parent>
			<wp:comment_user_id>0</wp:comment_user_id>
		</wp:comment>
		<wp:comment>
			<wp:comment_id>5</wp:comment_id>
			<wp:comment_author><![CDATA[Tom Sawyer]]></wp:comment_author>
			<wp:comment_author_email>service@soaptheme.net</wp:comment_author_email>
			<wp:comment_author_url></wp:comment_author_url>
			<wp:comment_author_IP>104.250.141.42</wp:comment_author_IP>
			<wp:comment_date>2015-09-29 15:20:39</wp:comment_date>
			<wp:comment_date_gmt>2015-09-29 15:20:39</wp:comment_date_gmt>
			<wp:comment_content><![CDATA[Nam cursus tellus quis magna porta adipiscing. Donec et eros leo, non pellentesque arcu. Curabitur vitae mi enim, at vestibulum magna. Cum sociis natoque penatibus et magnis dis parturient montes, nascetur ridiculus mus. Sed sit amet sem a urna rutrumeger fringilla. Nam vel enim ipsum, et congue ante.

Aenean iaculis sodales dui, non hendrerit lorem rhoncus ut. Pellentesque ullamcorper venenatis elit idaipiscingi Duis tellus neque, tincidunt eget pulvinar sit amet, rutrum nec urna. Suspendisse pretium laoreet elit vel ultricies. Maecenas ullamcorper ultricies rhoncus. Aliquam erat volutpat.]]></wp:comment_content>
			<wp:comment_approved>1</wp:comment_approved>
			<wp:comment_type></wp:comment_type>
			<wp:comment_parent>3</wp:comment_parent>
			<wp:comment_user_id>0</wp:comment_user_id>
		</wp:comment>
	</item>
</channel>
</rss>
