<?xml version="1.0" encoding="UTF-8" ?>
<!-- This is a WordPress eXtended RSS file generated by WordPress as an export of your site. -->
<!-- It contains information about your site's posts, pages, comments, categories, and other content. -->
<!-- You may use this file to transfer that content from one site to another. -->
<!-- This file is not intended to serve as a complete backup of your site. -->

<!-- To import this information into a WordPress site follow these steps: -->
<!-- 1. Log in to that site as an administrator. -->
<!-- 2. Go to Tools: Import in the WordPress admin panel. -->
<!-- 3. Install the "WordPress" importer from the list. -->
<!-- 4. Activate & Run Importer. -->
<!-- 5. Upload this file using the form provided on that page. -->
<!-- 6. You will first be asked to map the authors in this export file to users -->
<!--    on the site. For each author, you may choose to map to an -->
<!--    existing user on the site or to create a new user. -->
<!-- 7. WordPress will then import each of the posts, pages, comments, categories, etc. -->
<!--    contained in this file into your site. -->

<!-- generator="WordPress/4.3.3" created="2016-03-09 03:26" -->
<rss version="2.0"
	xmlns:excerpt="http://wordpress.org/export/1.2/excerpt/"
	xmlns:content="http://purl.org/rss/1.0/modules/content/"
	xmlns:wfw="http://wellformedweb.org/CommentAPI/"
	xmlns:dc="http://purl.org/dc/elements/1.1/"
	xmlns:wp="http://wordpress.org/export/1.2/"
>

<channel>
	<title>City Tours</title>
	<link>http://www.soaptheme.net/wordpress/citytours</link>
	<description>CityTours - Hotel &#38; Tour Booking Wordpress Theme</description>
	<pubDate>Wed, 09 Mar 2016 03:26:21 +0000</pubDate>
	<language>en-US</language>
	<wp:wxr_version>1.2</wp:wxr_version>
	<wp:base_site_url>http://www.soaptheme.net/wordpress/citytours</wp:base_site_url>
	<wp:base_blog_url>http://www.soaptheme.net/wordpress/citytours</wp:base_blog_url>

	<wp:author><wp:author_id>1</wp:author_id><wp:author_login>admin</wp:author_login><wp:author_email>soaptheme@gmail.com</wp:author_email><wp:author_display_name><![CDATA[admin]]></wp:author_display_name><wp:author_first_name><![CDATA[]]></wp:author_first_name><wp:author_last_name><![CDATA[]]></wp:author_last_name></wp:author>


	<generator>http://wordpress.org/?v=4.3.3</generator>

	<item>
		<title>MARIOTT HOTEL</title>
		<link>http://www.soaptheme.net/wordpress/citytours/hotel/mariott-hotel/</link>
		<pubDate>Thu, 01 Oct 2015 15:00:46 +0000</pubDate>
		<dc:creator><![CDATA[admin]]></dc:creator>
		<guid isPermaLink="false">http://www.soaptheme.net/wordpress/citytours/?post_type=hotel&#038;p=136</guid>
		<description></description>
		<content:encoded><![CDATA[<p>
Lorem ipsum dolor sit amet, at omnes deseruisse pri. Quo aeterno legimus insolens ad. Sit cu detraxit constituam, an mel iudico constituto efficiendi. Eu ponderum mediocrem has, vitae adolescens in pro. Mea liber ridens inermis ei, mei legendos vulputate an, labitur tibique te qui.
</p>
<h4>Hotel facilities</h4>
<p>
Lorem ipsum dolor sit amet, at omnes deseruisse pri. Quo aeterno legimus insolens ad. Sit cu detraxit constituam, an mel iudico constituto efficiendi.
</p>
[row]
[one_half]
[checklist]
<ul>
<li>Lorem ipsum dolor sit amet</li>
<li>No scripta electram necessitatibus sit</li>
<li>Quidam percipitur instructior an eum</li>
<li>Ut est saepe munere ceteros</li>
<li>No scripta electram necessitatibus sit</li>
<li>Quidam percipitur instructior an eum</li>
</ul>
[/checklist]
[/one_half]
[one_half]
[checklist]
<ul>
<li>Lorem ipsum dolor sit amet</li>
<li>No scripta electram necessitatibus sit</li>
<li>Quidam percipitur instructior an eum</li>
<li>No scripta electram necessitatibus sit</li>
</ul>
[/checklist]
[/one_half]
[/row]]]></content:encoded>
		<excerpt:encoded><![CDATA[]]></excerpt:encoded>
		<wp:post_id>136</wp:post_id>
		<wp:post_date>2015-10-01 15:00:46</wp:post_date>
		<wp:post_date_gmt>2015-10-01 15:00:46</wp:post_date_gmt>
		<wp:comment_status>closed</wp:comment_status>
		<wp:ping_status>closed</wp:ping_status>
		<wp:post_name>mariott-hotel</wp:post_name>
		<wp:status>publish</wp:status>
		<wp:post_parent>0</wp:post_parent>
		<wp:menu_order>0</wp:menu_order>
		<wp:post_type>hotel</wp:post_type>
		<wp:post_password></wp:post_password>
		<wp:is_sticky>0</wp:is_sticky>
		<category domain="hotel_facility" nicename="accessibiliy"><![CDATA[Accessibiliy]]></category>
		<category domain="hotel_facility" nicename="breakfast"><![CDATA[Breakfast]]></category>
		<category domain="hotel_facility" nicename="free-wifi"><![CDATA[Free Wifi]]></category>
		<category domain="district" nicename="paris-centre"><![CDATA[Paris Centre]]></category>
		<category domain="hotel_facility" nicename="parking"><![CDATA[Parking]]></category>
		<category domain="hotel_facility" nicename="pet-allowed"><![CDATA[Pet allowed]]></category>
		<category domain="hotel_facility" nicename="plasma-tv"><![CDATA[Plasma TV]]></category>
		<wp:postmeta>
			<wp:meta_key>_edit_last</wp:meta_key>
			<wp:meta_value><![CDATA[1]]></wp:meta_value>
		</wp:postmeta>
		<wp:postmeta>
			<wp:meta_key>_header_image</wp:meta_key>
			<wp:meta_value><![CDATA[137]]></wp:meta_value>
		</wp:postmeta>
		<wp:postmeta>
			<wp:meta_key>_thumbnail_id</wp:meta_key>
			<wp:meta_value><![CDATA[138]]></wp:meta_value>
		</wp:postmeta>
		<wp:postmeta>
			<wp:meta_key>_vc_post_settings</wp:meta_key>
			<wp:meta_value><![CDATA[a:2:{s:7:"vc_grid";a:0:{}s:10:"vc_grid_id";a:0:{}}]]></wp:meta_value>
		</wp:postmeta>
		<wp:postmeta>
			<wp:meta_key>_hotel_star</wp:meta_key>
			<wp:meta_value><![CDATA[4]]></wp:meta_value>
		</wp:postmeta>
		<wp:postmeta>
			<wp:meta_key>_hotel_price</wp:meta_key>
			<wp:meta_value><![CDATA[95]]></wp:meta_value>
		</wp:postmeta>
		<wp:postmeta>
			<wp:meta_key>_hotel_charge_child</wp:meta_key>
			<wp:meta_value><![CDATA[0]]></wp:meta_value>
		</wp:postmeta>
		<wp:postmeta>
			<wp:meta_key>_hotel_security_deposit</wp:meta_key>
			<wp:meta_value><![CDATA[0]]></wp:meta_value>
		</wp:postmeta>
		<wp:postmeta>
			<wp:meta_key>_hotel_address</wp:meta_key>
			<wp:meta_value><![CDATA[Champ de Mars, 5 Quai Anatole France, 75007 Paris, France]]></wp:meta_value>
		</wp:postmeta>
		<wp:postmeta>
			<wp:meta_key>_hotel_loc</wp:meta_key>
			<wp:meta_value><![CDATA[48.859831,2.3281068000000005]]></wp:meta_value>
		</wp:postmeta>
		<wp:postmeta>
			<wp:meta_key>_hotel_featured</wp:meta_key>
			<wp:meta_value><![CDATA[0]]></wp:meta_value>
		</wp:postmeta>
		<wp:postmeta>
			<wp:meta_key>_hotel_slider</wp:meta_key>
			<wp:meta_value><![CDATA[[sliderpro id="1"]]]></wp:meta_value>
		</wp:postmeta>
		<wp:postmeta>
			<wp:meta_key>_review</wp:meta_key>
			<wp:meta_value><![CDATA[4.6]]></wp:meta_value>
		</wp:postmeta>
		<wp:postmeta>
			<wp:meta_key>_review_detail</wp:meta_key>
			<wp:meta_value><![CDATA[a:4:{i:0;d:5;i:1;d:5;i:2;d:4;i:3;d:4.5;}]]></wp:meta_value>
		</wp:postmeta>
	</item>
	<item>
		<title>PARK HYATT HOTEL</title>
		<link>http://www.soaptheme.net/wordpress/citytours/hotel/park-hyatt-hotel/</link>
		<pubDate>Fri, 02 Oct 2015 14:05:03 +0000</pubDate>
		<dc:creator><![CDATA[admin]]></dc:creator>
		<guid isPermaLink="false">http://www.soaptheme.net/wordpress/citytours/?post_type=hotel&#038;p=183</guid>
		<description></description>
		<content:encoded><![CDATA[<p>
Lorem ipsum dolor sit amet, at omnes deseruisse pri. Quo aeterno legimus insolens ad. Sit cu detraxit constituam, an mel iudico constituto efficiendi. Eu ponderum mediocrem has, vitae adolescens in pro. Mea liber ridens inermis ei, mei legendos vulputate an, labitur tibique te qui.
</p>
<h4>Hotel facilities</h4>
<p>
Lorem ipsum dolor sit amet, at omnes deseruisse pri. Quo aeterno legimus insolens ad. Sit cu detraxit constituam, an mel iudico constituto efficiendi.
</p>
[row]
[one_half]
[checklist]
<ul>
<li>Lorem ipsum dolor sit amet</li>
<li>No scripta electram necessitatibus sit</li>
<li>Quidam percipitur instructior an eum</li>
<li>Ut est saepe munere ceteros</li>
<li>No scripta electram necessitatibus sit</li>
<li>Quidam percipitur instructior an eum</li>
</ul>
[/checklist]
[/one_half]
[one_half]
[checklist]
<ul>
<li>Lorem ipsum dolor sit amet</li>
<li>No scripta electram necessitatibus sit</li>
<li>Quidam percipitur instructior an eum</li>
<li>No scripta electram necessitatibus sit</li>
</ul>
[/checklist]
[/one_half]
[/row]]]></content:encoded>
		<excerpt:encoded><![CDATA[]]></excerpt:encoded>
		<wp:post_id>183</wp:post_id>
		<wp:post_date>2015-10-02 14:05:03</wp:post_date>
		<wp:post_date_gmt>2015-10-02 14:05:03</wp:post_date_gmt>
		<wp:comment_status>closed</wp:comment_status>
		<wp:ping_status>closed</wp:ping_status>
		<wp:post_name>park-hyatt-hotel</wp:post_name>
		<wp:status>publish</wp:status>
		<wp:post_parent>0</wp:post_parent>
		<wp:menu_order>0</wp:menu_order>
		<wp:post_type>hotel</wp:post_type>
		<wp:post_password></wp:post_password>
		<wp:is_sticky>0</wp:is_sticky>
		<category domain="hotel_facility" nicename="accessibiliy"><![CDATA[Accessibiliy]]></category>
		<category domain="hotel_facility" nicename="breakfast"><![CDATA[Breakfast]]></category>
		<category domain="hotel_facility" nicename="free-wifi"><![CDATA[Free Wifi]]></category>
		<category domain="district" nicename="paris-centre"><![CDATA[Paris Centre]]></category>
		<category domain="hotel_facility" nicename="parking"><![CDATA[Parking]]></category>
		<category domain="hotel_facility" nicename="pet-allowed"><![CDATA[Pet allowed]]></category>
		<category domain="hotel_facility" nicename="plasma-tv"><![CDATA[Plasma TV]]></category>
		<wp:postmeta>
			<wp:meta_key>_edit_last</wp:meta_key>
			<wp:meta_value><![CDATA[1]]></wp:meta_value>
		</wp:postmeta>
		<wp:postmeta>
			<wp:meta_key>_header_image</wp:meta_key>
			<wp:meta_value><![CDATA[137]]></wp:meta_value>
		</wp:postmeta>
		<wp:postmeta>
			<wp:meta_key>_thumbnail_id</wp:meta_key>
			<wp:meta_value><![CDATA[163]]></wp:meta_value>
		</wp:postmeta>
		<wp:postmeta>
			<wp:meta_key>_vc_post_settings</wp:meta_key>
			<wp:meta_value><![CDATA[a:2:{s:7:"vc_grid";a:0:{}s:10:"vc_grid_id";a:0:{}}]]></wp:meta_value>
		</wp:postmeta>
		<wp:postmeta>
			<wp:meta_key>_hotel_star</wp:meta_key>
			<wp:meta_value><![CDATA[4]]></wp:meta_value>
		</wp:postmeta>
		<wp:postmeta>
			<wp:meta_key>_hotel_price</wp:meta_key>
			<wp:meta_value><![CDATA[39]]></wp:meta_value>
		</wp:postmeta>
		<wp:postmeta>
			<wp:meta_key>_hotel_charge_child</wp:meta_key>
			<wp:meta_value><![CDATA[1]]></wp:meta_value>
		</wp:postmeta>
		<wp:postmeta>
			<wp:meta_key>_hotel_security_deposit</wp:meta_key>
			<wp:meta_value><![CDATA[0]]></wp:meta_value>
		</wp:postmeta>
		<wp:postmeta>
			<wp:meta_key>_hotel_address</wp:meta_key>
			<wp:meta_value><![CDATA[Champ de Mars, 5 Quai Anatole France, 75007 Paris, France]]></wp:meta_value>
		</wp:postmeta>
		<wp:postmeta>
			<wp:meta_key>_hotel_loc</wp:meta_key>
			<wp:meta_value><![CDATA[48.858419272561726,2.3114556464355474]]></wp:meta_value>
		</wp:postmeta>
		<wp:postmeta>
			<wp:meta_key>_hotel_featured</wp:meta_key>
			<wp:meta_value><![CDATA[0]]></wp:meta_value>
		</wp:postmeta>
		<wp:postmeta>
			<wp:meta_key>_hotel_slider</wp:meta_key>
			<wp:meta_value><![CDATA[[sliderpro id="1"]]]></wp:meta_value>
		</wp:postmeta>
		<wp:postmeta>
			<wp:meta_key>_review</wp:meta_key>
			<wp:meta_value><![CDATA[4.6]]></wp:meta_value>
		</wp:postmeta>
		<wp:postmeta>
			<wp:meta_key>_review_detail</wp:meta_key>
			<wp:meta_value><![CDATA[a:4:{i:0;d:5;i:1;d:5;i:2;d:4;i:3;d:4.5;}]]></wp:meta_value>
		</wp:postmeta>
		<wp:postmeta>
			<wp:meta_key>_dp_original</wp:meta_key>
			<wp:meta_value><![CDATA[136]]></wp:meta_value>
		</wp:postmeta>
		<wp:postmeta>
			<wp:meta_key>_hotel_price_child</wp:meta_key>
			<wp:meta_value><![CDATA[10]]></wp:meta_value>
		</wp:postmeta>
	</item>
	<item>
		<title>LUMIERE HOTEL</title>
		<link>http://www.soaptheme.net/wordpress/citytours/hotel/lumiere-hotel/</link>
		<pubDate>Fri, 02 Oct 2015 14:06:35 +0000</pubDate>
		<dc:creator><![CDATA[admin]]></dc:creator>
		<guid isPermaLink="false">http://www.soaptheme.net/wordpress/citytours/?post_type=hotel&#038;p=184</guid>
		<description></description>
		<content:encoded><![CDATA[<p>
Lorem ipsum dolor sit amet, at omnes deseruisse pri. Quo aeterno legimus insolens ad. Sit cu detraxit constituam, an mel iudico constituto efficiendi. Eu ponderum mediocrem has, vitae adolescens in pro. Mea liber ridens inermis ei, mei legendos vulputate an, labitur tibique te qui.
</p>
<h4>Hotel facilities</h4>
<p>
Lorem ipsum dolor sit amet, at omnes deseruisse pri. Quo aeterno legimus insolens ad. Sit cu detraxit constituam, an mel iudico constituto efficiendi.
</p>
[row]
[one_half]
[checklist]
<ul>
<li>Lorem ipsum dolor sit amet</li>
<li>No scripta electram necessitatibus sit</li>
<li>Quidam percipitur instructior an eum</li>
<li>Ut est saepe munere ceteros</li>
<li>No scripta electram necessitatibus sit</li>
<li>Quidam percipitur instructior an eum</li>
</ul>
[/checklist]
[/one_half]
[one_half]
[checklist]
<ul>
<li>Lorem ipsum dolor sit amet</li>
<li>No scripta electram necessitatibus sit</li>
<li>Quidam percipitur instructior an eum</li>
<li>No scripta electram necessitatibus sit</li>
</ul>
[/checklist]
[/one_half]
[/row]]]></content:encoded>
		<excerpt:encoded><![CDATA[]]></excerpt:encoded>
		<wp:post_id>184</wp:post_id>
		<wp:post_date>2015-10-02 14:06:35</wp:post_date>
		<wp:post_date_gmt>2015-10-02 14:06:35</wp:post_date_gmt>
		<wp:comment_status>closed</wp:comment_status>
		<wp:ping_status>closed</wp:ping_status>
		<wp:post_name>lumiere-hotel</wp:post_name>
		<wp:status>publish</wp:status>
		<wp:post_parent>0</wp:post_parent>
		<wp:menu_order>0</wp:menu_order>
		<wp:post_type>hotel</wp:post_type>
		<wp:post_password></wp:post_password>
		<wp:is_sticky>0</wp:is_sticky>
		<category domain="hotel_facility" nicename="accessibiliy"><![CDATA[Accessibiliy]]></category>
		<category domain="hotel_facility" nicename="breakfast"><![CDATA[Breakfast]]></category>
		<category domain="hotel_facility" nicename="free-wifi"><![CDATA[Free Wifi]]></category>
		<category domain="district" nicename="paris-centre"><![CDATA[Paris Centre]]></category>
		<category domain="hotel_facility" nicename="parking"><![CDATA[Parking]]></category>
		<category domain="hotel_facility" nicename="pet-allowed"><![CDATA[Pet allowed]]></category>
		<category domain="hotel_facility" nicename="plasma-tv"><![CDATA[Plasma TV]]></category>
		<wp:postmeta>
			<wp:meta_key>_edit_last</wp:meta_key>
			<wp:meta_value><![CDATA[1]]></wp:meta_value>
		</wp:postmeta>
		<wp:postmeta>
			<wp:meta_key>_header_image</wp:meta_key>
			<wp:meta_value><![CDATA[137]]></wp:meta_value>
		</wp:postmeta>
		<wp:postmeta>
			<wp:meta_key>_thumbnail_id</wp:meta_key>
			<wp:meta_value><![CDATA[164]]></wp:meta_value>
		</wp:postmeta>
		<wp:postmeta>
			<wp:meta_key>_vc_post_settings</wp:meta_key>
			<wp:meta_value><![CDATA[a:2:{s:7:"vc_grid";a:0:{}s:10:"vc_grid_id";a:0:{}}]]></wp:meta_value>
		</wp:postmeta>
		<wp:postmeta>
			<wp:meta_key>_hotel_star</wp:meta_key>
			<wp:meta_value><![CDATA[4]]></wp:meta_value>
		</wp:postmeta>
		<wp:postmeta>
			<wp:meta_key>_hotel_price</wp:meta_key>
			<wp:meta_value><![CDATA[129]]></wp:meta_value>
		</wp:postmeta>
		<wp:postmeta>
			<wp:meta_key>_hotel_charge_child</wp:meta_key>
			<wp:meta_value><![CDATA[0]]></wp:meta_value>
		</wp:postmeta>
		<wp:postmeta>
			<wp:meta_key>_hotel_security_deposit</wp:meta_key>
			<wp:meta_value><![CDATA[0]]></wp:meta_value>
		</wp:postmeta>
		<wp:postmeta>
			<wp:meta_key>_hotel_address</wp:meta_key>
			<wp:meta_value><![CDATA[Champ de Mars, 5 Quai Anatole France, 75007 Paris, France]]></wp:meta_value>
		</wp:postmeta>
		<wp:postmeta>
			<wp:meta_key>_hotel_loc</wp:meta_key>
			<wp:meta_value><![CDATA[48.85717691947998,2.3149747046630864]]></wp:meta_value>
		</wp:postmeta>
		<wp:postmeta>
			<wp:meta_key>_hotel_featured</wp:meta_key>
			<wp:meta_value><![CDATA[0]]></wp:meta_value>
		</wp:postmeta>
		<wp:postmeta>
			<wp:meta_key>_hotel_slider</wp:meta_key>
			<wp:meta_value><![CDATA[[sliderpro id="1"]]]></wp:meta_value>
		</wp:postmeta>
		<wp:postmeta>
			<wp:meta_key>_review</wp:meta_key>
			<wp:meta_value><![CDATA[4.6]]></wp:meta_value>
		</wp:postmeta>
		<wp:postmeta>
			<wp:meta_key>_review_detail</wp:meta_key>
			<wp:meta_value><![CDATA[a:4:{i:0;d:5;i:1;d:5;i:2;d:4;i:3;d:4.5;}]]></wp:meta_value>
		</wp:postmeta>
		<wp:postmeta>
			<wp:meta_key>_dp_original</wp:meta_key>
			<wp:meta_value><![CDATA[136]]></wp:meta_value>
		</wp:postmeta>
	</item>
	<item>
		<title>CONCORDE HOTEL</title>
		<link>http://www.soaptheme.net/wordpress/citytours/hotel/concorde-hotel/</link>
		<pubDate>Fri, 02 Oct 2015 14:08:10 +0000</pubDate>
		<dc:creator><![CDATA[admin]]></dc:creator>
		<guid isPermaLink="false">http://www.soaptheme.net/wordpress/citytours/?post_type=hotel&#038;p=185</guid>
		<description></description>
		<content:encoded><![CDATA[<p>
Lorem ipsum dolor sit amet, at omnes deseruisse pri. Quo aeterno legimus insolens ad. Sit cu detraxit constituam, an mel iudico constituto efficiendi. Eu ponderum mediocrem has, vitae adolescens in pro. Mea liber ridens inermis ei, mei legendos vulputate an, labitur tibique te qui.
</p>
<h4>Hotel facilities</h4>
<p>
Lorem ipsum dolor sit amet, at omnes deseruisse pri. Quo aeterno legimus insolens ad. Sit cu detraxit constituam, an mel iudico constituto efficiendi.
</p>
[row]
[one_half]
[checklist]
<ul>
<li>Lorem ipsum dolor sit amet</li>
<li>No scripta electram necessitatibus sit</li>
<li>Quidam percipitur instructior an eum</li>
<li>Ut est saepe munere ceteros</li>
<li>No scripta electram necessitatibus sit</li>
<li>Quidam percipitur instructior an eum</li>
</ul>
[/checklist]
[/one_half]
[one_half]
[checklist]
<ul>
<li>Lorem ipsum dolor sit amet</li>
<li>No scripta electram necessitatibus sit</li>
<li>Quidam percipitur instructior an eum</li>
<li>No scripta electram necessitatibus sit</li>
</ul>
[/checklist]
[/one_half]
[/row]]]></content:encoded>
		<excerpt:encoded><![CDATA[]]></excerpt:encoded>
		<wp:post_id>185</wp:post_id>
		<wp:post_date>2015-10-02 14:08:10</wp:post_date>
		<wp:post_date_gmt>2015-10-02 14:08:10</wp:post_date_gmt>
		<wp:comment_status>closed</wp:comment_status>
		<wp:ping_status>closed</wp:ping_status>
		<wp:post_name>concorde-hotel</wp:post_name>
		<wp:status>publish</wp:status>
		<wp:post_parent>0</wp:post_parent>
		<wp:menu_order>0</wp:menu_order>
		<wp:post_type>hotel</wp:post_type>
		<wp:post_password></wp:post_password>
		<wp:is_sticky>0</wp:is_sticky>
		<category domain="hotel_facility" nicename="accessibiliy"><![CDATA[Accessibiliy]]></category>
		<category domain="hotel_facility" nicename="breakfast"><![CDATA[Breakfast]]></category>
		<category domain="hotel_facility" nicename="free-wifi"><![CDATA[Free Wifi]]></category>
		<category domain="district" nicename="paris-centre"><![CDATA[Paris Centre]]></category>
		<category domain="hotel_facility" nicename="parking"><![CDATA[Parking]]></category>
		<category domain="hotel_facility" nicename="pet-allowed"><![CDATA[Pet allowed]]></category>
		<category domain="hotel_facility" nicename="plasma-tv"><![CDATA[Plasma TV]]></category>
		<wp:postmeta>
			<wp:meta_key>_edit_last</wp:meta_key>
			<wp:meta_value><![CDATA[1]]></wp:meta_value>
		</wp:postmeta>
		<wp:postmeta>
			<wp:meta_key>_header_image</wp:meta_key>
			<wp:meta_value><![CDATA[137]]></wp:meta_value>
		</wp:postmeta>
		<wp:postmeta>
			<wp:meta_key>_thumbnail_id</wp:meta_key>
			<wp:meta_value><![CDATA[165]]></wp:meta_value>
		</wp:postmeta>
		<wp:postmeta>
			<wp:meta_key>_vc_post_settings</wp:meta_key>
			<wp:meta_value><![CDATA[a:2:{s:7:"vc_grid";a:0:{}s:10:"vc_grid_id";a:0:{}}]]></wp:meta_value>
		</wp:postmeta>
		<wp:postmeta>
			<wp:meta_key>_hotel_star</wp:meta_key>
			<wp:meta_value><![CDATA[3]]></wp:meta_value>
		</wp:postmeta>
		<wp:postmeta>
			<wp:meta_key>_hotel_price</wp:meta_key>
			<wp:meta_value><![CDATA[119]]></wp:meta_value>
		</wp:postmeta>
		<wp:postmeta>
			<wp:meta_key>_hotel_charge_child</wp:meta_key>
			<wp:meta_value><![CDATA[0]]></wp:meta_value>
		</wp:postmeta>
		<wp:postmeta>
			<wp:meta_key>_hotel_security_deposit</wp:meta_key>
			<wp:meta_value><![CDATA[0]]></wp:meta_value>
		</wp:postmeta>
		<wp:postmeta>
			<wp:meta_key>_hotel_address</wp:meta_key>
			<wp:meta_value><![CDATA[Champ de Mars, 5 Quai Anatole France, 75007 Paris, France]]></wp:meta_value>
		</wp:postmeta>
		<wp:postmeta>
			<wp:meta_key>_hotel_loc</wp:meta_key>
			<wp:meta_value><![CDATA[48.86321898340266,2.3351449164550786]]></wp:meta_value>
		</wp:postmeta>
		<wp:postmeta>
			<wp:meta_key>_hotel_featured</wp:meta_key>
			<wp:meta_value><![CDATA[0]]></wp:meta_value>
		</wp:postmeta>
		<wp:postmeta>
			<wp:meta_key>_hotel_slider</wp:meta_key>
			<wp:meta_value><![CDATA[[sliderpro id="1"]]]></wp:meta_value>
		</wp:postmeta>
		<wp:postmeta>
			<wp:meta_key>_review</wp:meta_key>
			<wp:meta_value><![CDATA[4.6]]></wp:meta_value>
		</wp:postmeta>
		<wp:postmeta>
			<wp:meta_key>_review_detail</wp:meta_key>
			<wp:meta_value><![CDATA[a:4:{i:0;d:5;i:1;d:5;i:2;d:4;i:3;d:4.5;}]]></wp:meta_value>
		</wp:postmeta>
		<wp:postmeta>
			<wp:meta_key>_dp_original</wp:meta_key>
			<wp:meta_value><![CDATA[136]]></wp:meta_value>
		</wp:postmeta>
	</item>
	<item>
		<title>LOREM HOTEL</title>
		<link>http://www.soaptheme.net/wordpress/citytours/hotel/lorem-hotel/</link>
		<pubDate>Fri, 02 Oct 2015 14:12:11 +0000</pubDate>
		<dc:creator><![CDATA[admin]]></dc:creator>
		<guid isPermaLink="false">http://www.soaptheme.net/wordpress/citytours/?post_type=hotel&#038;p=186</guid>
		<description></description>
		<content:encoded><![CDATA[<p>
Lorem ipsum dolor sit amet, at omnes deseruisse pri. Quo aeterno legimus insolens ad. Sit cu detraxit constituam, an mel iudico constituto efficiendi. Eu ponderum mediocrem has, vitae adolescens in pro. Mea liber ridens inermis ei, mei legendos vulputate an, labitur tibique te qui.
</p>
<h4>Hotel facilities</h4>
<p>
Lorem ipsum dolor sit amet, at omnes deseruisse pri. Quo aeterno legimus insolens ad. Sit cu detraxit constituam, an mel iudico constituto efficiendi.
</p>
[row]
[one_half]
[checklist]
<ul>
<li>Lorem ipsum dolor sit amet</li>
<li>No scripta electram necessitatibus sit</li>
<li>Quidam percipitur instructior an eum</li>
<li>Ut est saepe munere ceteros</li>
<li>No scripta electram necessitatibus sit</li>
<li>Quidam percipitur instructior an eum</li>
</ul>
[/checklist]
[/one_half]
[one_half]
[checklist]
<ul>
<li>Lorem ipsum dolor sit amet</li>
<li>No scripta electram necessitatibus sit</li>
<li>Quidam percipitur instructior an eum</li>
<li>No scripta electram necessitatibus sit</li>
</ul>
[/checklist]
[/one_half]
[/row]]]></content:encoded>
		<excerpt:encoded><![CDATA[]]></excerpt:encoded>
		<wp:post_id>186</wp:post_id>
		<wp:post_date>2015-10-02 14:12:11</wp:post_date>
		<wp:post_date_gmt>2015-10-02 14:12:11</wp:post_date_gmt>
		<wp:comment_status>closed</wp:comment_status>
		<wp:ping_status>closed</wp:ping_status>
		<wp:post_name>lorem-hotel</wp:post_name>
		<wp:status>publish</wp:status>
		<wp:post_parent>0</wp:post_parent>
		<wp:menu_order>0</wp:menu_order>
		<wp:post_type>hotel</wp:post_type>
		<wp:post_password></wp:post_password>
		<wp:is_sticky>0</wp:is_sticky>
		<category domain="hotel_facility" nicename="accessibiliy"><![CDATA[Accessibiliy]]></category>
		<category domain="hotel_facility" nicename="breakfast"><![CDATA[Breakfast]]></category>
		<category domain="hotel_facility" nicename="free-wifi"><![CDATA[Free Wifi]]></category>
		<category domain="district" nicename="paris-centre"><![CDATA[Paris Centre]]></category>
		<category domain="hotel_facility" nicename="parking"><![CDATA[Parking]]></category>
		<category domain="hotel_facility" nicename="pet-allowed"><![CDATA[Pet allowed]]></category>
		<category domain="hotel_facility" nicename="plasma-tv"><![CDATA[Plasma TV]]></category>
		<wp:postmeta>
			<wp:meta_key>_edit_last</wp:meta_key>
			<wp:meta_value><![CDATA[1]]></wp:meta_value>
		</wp:postmeta>
		<wp:postmeta>
			<wp:meta_key>_header_image</wp:meta_key>
			<wp:meta_value><![CDATA[137]]></wp:meta_value>
		</wp:postmeta>
		<wp:postmeta>
			<wp:meta_key>_thumbnail_id</wp:meta_key>
			<wp:meta_value><![CDATA[162]]></wp:meta_value>
		</wp:postmeta>
		<wp:postmeta>
			<wp:meta_key>_vc_post_settings</wp:meta_key>
			<wp:meta_value><![CDATA[a:2:{s:7:"vc_grid";a:0:{}s:10:"vc_grid_id";a:0:{}}]]></wp:meta_value>
		</wp:postmeta>
		<wp:postmeta>
			<wp:meta_key>_hotel_star</wp:meta_key>
			<wp:meta_value><![CDATA[4]]></wp:meta_value>
		</wp:postmeta>
		<wp:postmeta>
			<wp:meta_key>_hotel_price</wp:meta_key>
			<wp:meta_value><![CDATA[95]]></wp:meta_value>
		</wp:postmeta>
		<wp:postmeta>
			<wp:meta_key>_hotel_charge_child</wp:meta_key>
			<wp:meta_value><![CDATA[0]]></wp:meta_value>
		</wp:postmeta>
		<wp:postmeta>
			<wp:meta_key>_hotel_security_deposit</wp:meta_key>
			<wp:meta_value><![CDATA[0]]></wp:meta_value>
		</wp:postmeta>
		<wp:postmeta>
			<wp:meta_key>_hotel_address</wp:meta_key>
			<wp:meta_value><![CDATA[Champ de Mars, 5 Quai Anatole France, 75007 Paris, France]]></wp:meta_value>
		</wp:postmeta>
		<wp:postmeta>
			<wp:meta_key>_hotel_loc</wp:meta_key>
			<wp:meta_value><![CDATA[48.859831,2.3281068000000005]]></wp:meta_value>
		</wp:postmeta>
		<wp:postmeta>
			<wp:meta_key>_hotel_featured</wp:meta_key>
			<wp:meta_value><![CDATA[0]]></wp:meta_value>
		</wp:postmeta>
		<wp:postmeta>
			<wp:meta_key>_hotel_slider</wp:meta_key>
			<wp:meta_value><![CDATA[[sliderpro id="1"]]]></wp:meta_value>
		</wp:postmeta>
		<wp:postmeta>
			<wp:meta_key>_review</wp:meta_key>
			<wp:meta_value><![CDATA[4.6]]></wp:meta_value>
		</wp:postmeta>
		<wp:postmeta>
			<wp:meta_key>_review_detail</wp:meta_key>
			<wp:meta_value><![CDATA[a:4:{i:0;d:5;i:1;d:5;i:2;d:4;i:3;d:4.5;}]]></wp:meta_value>
		</wp:postmeta>
		<wp:postmeta>
			<wp:meta_key>_dp_original</wp:meta_key>
			<wp:meta_value><![CDATA[136]]></wp:meta_value>
		</wp:postmeta>
	</item>
	<item>
		<title>NOVELLE HOTEL</title>
		<link>http://www.soaptheme.net/wordpress/citytours/hotel/novelle-hotel/</link>
		<pubDate>Mon, 05 Oct 2015 03:50:33 +0000</pubDate>
		<dc:creator><![CDATA[admin]]></dc:creator>
		<guid isPermaLink="false">http://www.soaptheme.net/wordpress/citytours/?post_type=hotel&#038;p=217</guid>
		<description></description>
		<content:encoded><![CDATA[<p>
Lorem ipsum dolor sit amet, at omnes deseruisse pri. Quo aeterno legimus insolens ad. Sit cu detraxit constituam, an mel iudico constituto efficiendi. Eu ponderum mediocrem has, vitae adolescens in pro. Mea liber ridens inermis ei, mei legendos vulputate an, labitur tibique te qui.
</p>
<h4>Hotel facilities</h4>
<p>
Lorem ipsum dolor sit amet, at omnes deseruisse pri. Quo aeterno legimus insolens ad. Sit cu detraxit constituam, an mel iudico constituto efficiendi.
</p>
[row]
[one_half]
[checklist]
<ul>
<li>Lorem ipsum dolor sit amet</li>
<li>No scripta electram necessitatibus sit</li>
<li>Quidam percipitur instructior an eum</li>
<li>Ut est saepe munere ceteros</li>
<li>No scripta electram necessitatibus sit</li>
<li>Quidam percipitur instructior an eum</li>
</ul>
[/checklist]
[/one_half]
[one_half]
[checklist]
<ul>
<li>Lorem ipsum dolor sit amet</li>
<li>No scripta electram necessitatibus sit</li>
<li>Quidam percipitur instructior an eum</li>
<li>No scripta electram necessitatibus sit</li>
</ul>
[/checklist]
[/one_half]
[/row]]]></content:encoded>
		<excerpt:encoded><![CDATA[]]></excerpt:encoded>
		<wp:post_id>217</wp:post_id>
		<wp:post_date>2015-10-05 03:50:33</wp:post_date>
		<wp:post_date_gmt>2015-10-05 03:50:33</wp:post_date_gmt>
		<wp:comment_status>closed</wp:comment_status>
		<wp:ping_status>closed</wp:ping_status>
		<wp:post_name>novelle-hotel</wp:post_name>
		<wp:status>publish</wp:status>
		<wp:post_parent>0</wp:post_parent>
		<wp:menu_order>0</wp:menu_order>
		<wp:post_type>hotel</wp:post_type>
		<wp:post_password></wp:post_password>
		<wp:is_sticky>0</wp:is_sticky>
		<category domain="hotel_facility" nicename="accessibiliy"><![CDATA[Accessibiliy]]></category>
		<category domain="hotel_facility" nicename="breakfast"><![CDATA[Breakfast]]></category>
		<category domain="hotel_facility" nicename="free-wifi"><![CDATA[Free Wifi]]></category>
		<category domain="district" nicename="paris-centre"><![CDATA[Paris Centre]]></category>
		<category domain="hotel_facility" nicename="parking"><![CDATA[Parking]]></category>
		<category domain="hotel_facility" nicename="pet-allowed"><![CDATA[Pet allowed]]></category>
		<category domain="hotel_facility" nicename="plasma-tv"><![CDATA[Plasma TV]]></category>
		<wp:postmeta>
			<wp:meta_key>_edit_last</wp:meta_key>
			<wp:meta_value><![CDATA[1]]></wp:meta_value>
		</wp:postmeta>
		<wp:postmeta>
			<wp:meta_key>_header_image</wp:meta_key>
			<wp:meta_value><![CDATA[137]]></wp:meta_value>
		</wp:postmeta>
		<wp:postmeta>
			<wp:meta_key>_thumbnail_id</wp:meta_key>
			<wp:meta_value><![CDATA[100]]></wp:meta_value>
		</wp:postmeta>
		<wp:postmeta>
			<wp:meta_key>_vc_post_settings</wp:meta_key>
			<wp:meta_value><![CDATA[a:2:{s:7:"vc_grid";a:0:{}s:10:"vc_grid_id";a:0:{}}]]></wp:meta_value>
		</wp:postmeta>
		<wp:postmeta>
			<wp:meta_key>_hotel_star</wp:meta_key>
			<wp:meta_value><![CDATA[4]]></wp:meta_value>
		</wp:postmeta>
		<wp:postmeta>
			<wp:meta_key>_hotel_price</wp:meta_key>
			<wp:meta_value><![CDATA[125]]></wp:meta_value>
		</wp:postmeta>
		<wp:postmeta>
			<wp:meta_key>_hotel_charge_child</wp:meta_key>
			<wp:meta_value><![CDATA[0]]></wp:meta_value>
		</wp:postmeta>
		<wp:postmeta>
			<wp:meta_key>_hotel_security_deposit</wp:meta_key>
			<wp:meta_value><![CDATA[0]]></wp:meta_value>
		</wp:postmeta>
		<wp:postmeta>
			<wp:meta_key>_hotel_address</wp:meta_key>
			<wp:meta_value><![CDATA[Champ de Mars, 5 Quai Anatole France, 75007 Paris, France]]></wp:meta_value>
		</wp:postmeta>
		<wp:postmeta>
			<wp:meta_key>_hotel_loc</wp:meta_key>
			<wp:meta_value><![CDATA[48.85542627871159,2.315232196728516]]></wp:meta_value>
		</wp:postmeta>
		<wp:postmeta>
			<wp:meta_key>_hotel_featured</wp:meta_key>
			<wp:meta_value><![CDATA[0]]></wp:meta_value>
		</wp:postmeta>
		<wp:postmeta>
			<wp:meta_key>_hotel_slider</wp:meta_key>
			<wp:meta_value><![CDATA[[sliderpro id="1"]]]></wp:meta_value>
		</wp:postmeta>
		<wp:postmeta>
			<wp:meta_key>_review</wp:meta_key>
			<wp:meta_value><![CDATA[4.6]]></wp:meta_value>
		</wp:postmeta>
		<wp:postmeta>
			<wp:meta_key>_review_detail</wp:meta_key>
			<wp:meta_value><![CDATA[a:4:{i:0;d:5;i:1;d:5;i:2;d:4;i:3;d:4.5;}]]></wp:meta_value>
		</wp:postmeta>
		<wp:postmeta>
			<wp:meta_key>_dp_original</wp:meta_key>
			<wp:meta_value><![CDATA[136]]></wp:meta_value>
		</wp:postmeta>
		<wp:postmeta>
			<wp:meta_key>slide_template</wp:meta_key>
			<wp:meta_value><![CDATA[default]]></wp:meta_value>
		</wp:postmeta>
	</item>
</channel>
</rss>
